hud_amp,tds,cons_tds,development_edp,operating_edp,hud,dev_name,program,method,type,section_8_transition_apartments,current_apartments,total_number_apartments,number_rental_rooms,avg._no._r/r_per_apartment,population_-_section_8_transition,population_-_public_housing,total_population,households_on_fixed_income,%_households_on_fixed_income,residential_buildings,non-residential_buildings,stairhalls,stories,total_area_-_sq._ft.,acres,net_dev._area_-_sq._ft.,(excluding_park)_acres,bldg._coverage_-_sq._ft.,cubage_-_cu._ft.,bldg/land_coverage_-__%,density_(population/acre),development_cost,cost_per_rental_room,avg._monthly_gross_rent,location,borough,community_district,us_congressional_district,new_york_state_senate_district,new_york_state_assembly_district,new_york_city_council_district,completion_date,federalized_development,senior_development,electricity_paid_by_residents,private_management
NY005011330,180,180,289,289,NY005090,1010 EAST 178TH STREET,FEDERAL,CONVENTIONAL,NEW CONST,,218,220,918.0,4.21,,450,450,89,41.8%,1,0,1,21,"88,172",2.02,"88,172",2.02,"14,961","1,841,787",16.97%,223,"$5,031,405","$5,341",$503,E TREMONT AVE BRYANT AVE E 178TH ST BOSTON RD,BRONX,6,15,32,87,15,3/31/1971,,,,
NY005013080,233,308,354,344,NY005138,1162-1176 WASHINGTON AVENUE,FEDERAL,TURNKEY,REHAB,,65,66,293.5,4.52,,170,170,21,32.8%,1,0,1,6,"18,987",0.44,"18,987",0.44,"12,231","851,926",64.42%,386,"$2,205,187","$7,302",$440,E 167TH ST E 168TH ST THIRD AVE WASHINGTON AVE,BRONX,3,15,32,79,16,12/31/1975,,,,
NY005010670,214,067,332,222,NY005162,1471 WATSON AVENUE,FEDERAL,TURNKEY,NEW CONST,,96,96,386.0,4.02,,156,156,47,50.5%,1,0,1,6,"39,937",0.92,"39,937",0.92,"13,337","810,629",33.40%,170,"$2,278,928","$5,814",$452,WATSON AVE COLGATE AVE EVERGREEN AVE,BRONX,9,15,32,85,17,12/31/1970,,,,
NY005001180,118,118,248,248,NY005049,ADAMS,FEDERAL,CONVENTIONAL,NEW CONST,,924,925,"4,306.0",4.66,,"2,310","2,310",335,36.4%,7,0,7,15-21,"408,888",9.39,"383,068",8.79,"56,283","8,181,502",13.76%,246,"$17,878,818","$4,149",$497,WESTCHESTER AVE UNION AVE E 152ND ST,BRONX,1,15,29,84,17,8/31/1964,,,,
NY005012020,202,197,311,311,NY005106,BAILEY AVENUE-WEST 193RD STREET,FEDERAL,CONVENTIONAL,NEW CONST,,232,233,976.0,4.21,,455,455,89,38.7%,1,0,1,20,"99,606",2.29,"99,606",2.29,"13,621","1,877,893",13.67%,199,"$8,091,156","$8,173",$493,BAILEY AVE W 193RD ST HEATH AVE,BRONX,7,13,33,86,14,5/31/1973,,,,
NY005010390,189,039,304,304,NY005095,BOSTON ROAD PLAZA,FEDERAL,CONVENTIONAL,NEW CONST (ELD),,232,235,814.0,3.51,,276,276,207,89.2%,1,1,2,20,"84,416",1.94,"84,416",1.94,"15,045","1,589,318",17.82%,142,"$7,125,145","$8,452",$368,MACE AVE HOLLAND AVE WARING AVE BOSTON RD,BRONX,11,14,34,80,13,8/31/1972,,EXCLUSIVELY,,
NY005011380,138,138,254,254,NY005060,BOSTON SECOR,FEDERAL,CONVENTIONAL,NEW CONST,,538,538,"2,487.0",4.62,,"1,322","1,322",184,34.6%,4,2,5,13-14-17-18,"612,889",14.07,"612,889",14.07,"36,181","4,849,474",5.90%,94,"$11,894,964","$4,778",$566,IRT-DYRE AVE LINE BOSTON RD STEENWICK AVE,BRONX,12,16,36,83,12,4/30/1969,,,,
NY005010320,346,032,767,533,NY005249,BOYNTON AVENUE REHAB,FEDERAL,TURNKEY,REHAB,,82,82,367.0,4.48,,182,182,29,35.8%,3,0,3,4-6,"30,000",0.69,"30,000",0.69,"16,455","999,600",54.85%,264,"$4,943,129","$13,396",$476,WATSON AVE WARD AVE BRUCKNER BLVD ELDER AVE,BRONX,9,15,32,85,18,8/22/1985,,,YES,
NY005010320,032,032,533,533,NY005220D,BRONX RIVER,FEDERAL,CONVENTIONAL,NEW CONST,,"1,245","1,246","5,942.5",4.77,,"2,998","2,998",464,37.5%,9,1,10,14,"607,297",13.94,"563,737",12.94,"84,235","10,772,413",13.87%,215,"$12,719,000","$2,131",$512,BRONX RIVER AVE HARROD AVE E 174TH ST,BRONX,9,15,32,85,18,2/28/1951,1978/07/01-ATP 3,,,
NY005010320,157,032,533,533,NY005220D,BRONX RIVER ADDITION,FEDERAL,CONVENTIONAL,NEW CONST (ELD),,226,226,640.0,2.83,,241,241,206,92.8%,2,0,2,6-14,"62,500",1.43,"62,500",1.43,"12,286","1,529,115",19.66%,169,"$3,928,000","$6,128",$290,E 172ND ST E 174TH ST MANOR AVE HARROD AVE,BRONX,9,15,32,85,18,2/28/1966,1978/07/01-ATP 3,EXCLUSIVELY,,
NY005015300,235,530,352,748,NY005145,BRYANT AVENUE-EAST 174TH STREET,FEDERAL,TURNKEY,NEW CONST,,72,72,284.0,3.94,,135,135,33,46.5%,1,0,1,6,"22,500",0.52,"22,500",0.52,"9,879","672,864",43.91%,260,"$2,132,334","$7,315",$519,E 174TH ST BRYANT AVE E 173RD ST VYSE AVE,BRONX,3,15,32,79,17,8/31/1972,,,,YES
NY005001130,113,113,435,435,NY005362,BUTLER,FEDERAL,CONVENTIONAL,NEW CONST,,"1,476","1,492","7,217.0",4.89,,"4,297","4,297",446,30.4%,6,1,7,21,"558,096",12.81,"558,096",12.81,"88,255","13,527,100",15.81%,335,"$29,633,000","$4,068",$507,E 169TH ST E 171ST ST WEBSTER AVE PARK AVE,BRONX,3,15,33,79,16,12/31/1964,1995/07/13-PTA,,,
NY005020800,080,080,431,431,NY005371,CASTLE HILL,MIXED FINANCE/LLC1,CONVENTIONAL,NEW CONST,406,"2,022","2,025","9,759.0",4.83,1151,"3,729","4,880",796,40.1%,14,0,14,12-20,"1,801,346",41.35,"1,757,585",40.35,"176,917","19,247,987",9.82%,118,"$28,454,000","$2,915",$485,OLMSTEAD AVE HAVEMEYER AVE LACOMBE AVE CINCINNATUS AVE,BRONX,9,15,32,87,18,12/15/1960,,,,
NY005013420,334,342,779,753,NY005253,CLAREMONT PARKWAY-FRANKLIN AVENUE,FEDERAL,TURNKEY,NEW CONST,,187,188,729.5,3.90,,279,279,130,70.7%,3,0,13,3-7,"134,390",3.09,"134,390",3.09,"35,258","1,584,850",26.24%,90,"$12,645,913","$17,252",$403,CLAREMONT PKWY FULTON AVE E 171ST ST THIRD AVE,BRONX,3,15,33,79,16,12/16/1986,,PARTIALLY,YES,
NY005013080,307,308,330,750,NY005246,CLAREMONT REHAB (GROUP 2),FEDERAL,TURNKEY,REHAB,,106,107,455.0,4.29,,251,251,35,33.7%,6,0,6,5-6,"31,874",0.73,"31,874",0.73,"21,948","3,488,634",68.86%,344,"$11,430,362","$24,822",$457,CLAY AVE E 169TH ST WEBSTER AVE E 166TH ST,BRONX,4,15,32,77,16,12/31/1987,,,YES,
NY005013080,308,308,750,750,NY005223,CLAREMONT REHAB (GROUP 3),FEDERAL,TURNKEY,REHAB,,107,115,470.5,4.40,,263,263,27,25.2%,5,0,5,5,"35,423",0.81,"35,423",0.81,"21,985","1,538,950",62.06%,325,"$7,234,594","$14,061",$495,E 167TH ST TELLER AVE E 165TH ST FINDLAY AVE,BRONX,4,15,32,77,16,2/28/1985,,,YES,
NY005013080,335,308,751,750,NY005273,CLAREMONT REHAB (GROUP 4),FEDERAL,TURNKEY,REHAB,,147,150,647.5,4.40,,342,342,50,34.0%,9,0,9,4-5,"45,636",1.05,"45,636",1.05,"29,519","2,656,710",64.68%,326,"$10,283,674","$15,605",$464,E 169TH ST CLAY AVE E 165TH ST FINDLAY AVE,BRONX,4,15,32,77,16,10/23/1986,,,YES,
NY005013080,336,308,752,750,NY005274,CLAREMONT REHAB (GROUP 5),FEDERAL,TURNKEY,REHAB,,129,135,560.5,4.34,,304,304,40,31.0%,3,0,3,5,"53,898",1.24,"53,898",1.24,"28,605","2,927,721",53.07%,245,"$8,551,169","$14,555",$506,COLLEGE AVE E 167TH ST FINDLAY AVE E 166TH ST,BRONX,4,15,32,77,16,11/30/1985,,,YES,
NY005012800,011,280,208,506,NY005007,CLASON POINT GARDENS,FEDERAL,CONVENTIONAL,NEW CONST,,401,401,"1,893.5",4.72,,861,861,173,43.8%,46,0,192,2,"742,013",17.03,"742,013",17.03,"154,304","3,388,939",20.80%,51,"$2,067,000","$1,116",$612,STORY AVE SEWARD AVE NOBLE AVE METCALF AVE,BRONX,9,15,34,85,18,12/20/1941,,,,
NY005013080,236,308,351,344,NY005148,COLLEGE AVENUE-EAST 165TH STREET,FEDERAL,TURNKEY,NEW CONST (ELD),,95,95,307.5,3.24,,102,102,84,89.4%,1,0,1,6,"22,146",0.51,"22,146",0.51,"10,022","784,399",45.25%,200,"$2,518,156","$7,869",$288,E 166TH ST FINDLAY AVE E 165TH ST COLLEGE AVE,BRONX,4,15,32,77,16,7/31/1972,,EXCLUSIVELY,,
NY005013420,190,342,301,301,NY005096A,DAVIDSON,FEDERAL,CONVENTIONAL,NEW CONST,,175,175,841.5,4.81,,479,479,69,39.4%,1,0,2,8,"82,967",1.90,"82,967",1.90,"24,796","1,647,000",29.89%,252,"$8,704,709","$10,259",$544,PROSPECT AVE HOME ST 167TH ST UNION AVE,BRONX,3,15,32,79,17,8/31/1973,,PARTIALLY,,
NY005000590,224,059,343,236,NY005165,EAGLE AVENUE-EAST 163RD STREET,FEDERAL,TURNKEY,NEW CONST,,65,66,273.5,4.21,,125,125,23,35.4%,1,0,1,6,"28,125",0.65,"28,125",0.65,"9,828","598,000",34.94%,192,"$1,710,901","$6,078",$472,EAGLE AVE E 163RD ST THIRD AVE E 161ST ST,BRONX,3,15,32,79,17,5/31/1971,,,,
NY005010280,237,028,360,360,NY005154,EAST 152ND STREET-COURTLANDT AVENUE,FEDERAL,TURNKEY,NEW CONST,,221,221,913.5,4.13,,382,382,144,65.2%,2,0,2,11-14,"63,175",1.45,"63,175",1.45,"21,301","1,801,668",33.72%,263,"$7,717,944","$8,330",$423,E 151ST ST E 153RD ST COURTLANDT AVE MELROSE AVE,BRONX,1,15,32,84,17,8/31/1973,,PARTIALLY,,
NY005015300,304,530,552,748,NY005226,EAST 165TH STREET-BRYANT AVENUE,FEDERAL,TURNKEY,NEW CONST,,111,111,588.5,5.30,,362,362,21,19.1%,5,0,19,3,"137,566",3.16,"137,566",3.16,"41,134","1,286,795",29.90%,115,"$8,178,643","$13,874",$729,WESTCHESTER AVE LONGFELLOW AVE ALDUS ST HOE AVE,BRONX,2,15,32,85,17,10/31/1987,,,YES,YES
NY005015300,338,530,778,748,NY005252,EAST 173RD STREET-VYSE AVENUE,FEDERAL,TURNKEY,NEW CONST,,168,168,758.0,4.51,,403,403,52,31.3%,7,0,28,3,"196,060",4.50,"196,060",4.50,"59,524","1,547,624",28.46%,90,"$12,629,936","$16,684",$562,SOUTHERN BLVD E 173RD ST VYSE AVE JENNINGS ST,BRONX,3,15,32,79,17,10/31/1987,,,YES,YES
NY005012270,208,180,323,363,NY005124,EAST 180TH STREET-MONTEREY AVENUE,FEDERAL,CONVENTIONAL,NEW CONST,,239,239,"1,052.5",4.40,,531,531,88,37.3%,1,1,3,10,"78,743",1.81,"78,743",1.81,"30,800","2,072,776",39.11%,293,"$8,727,000","$8,221",$531,E 180TH ST E 181ST ST LAFONTAINE AVE QUARRY RD,BRONX,6,15,33,86,15,9/30/1973,,,,
NY005010340,034,034,313,313,NY005114A,EASTCHESTER GARDENS,FEDERAL,CONVENTIONAL,NEW CONST,,877,877,"4,249.5",4.85,,"2,051","2,051",323,37.1%,10,0,15,7-8,"653,856",15.01,"607,396",13.94,"115,918","7,891,470",17.73%,137,"$9,514,000","$2,244",$551,BURKE AVE BOUCK AVE ADEE AVE YATES AVE,BRONX,11,16,36,83,12,6/1/1950,1968/08/29-FED TRAN,,,
NY005000570,057,057,214,214,NY005019,EDENWALD,FEDERAL,CONVENTIONAL,NEW CONST,,"2,035","2,039","9,675.5",4.75,,"4,852","4,852",596,29.7%,40,2,71,3-14,"2,129,275",48.88,"2,023,005",46.44,"344,433","17,847,449",16.18%,99,"$22,862,156","$2,359",$564,GRENADA PL BAYCHESTER AVE E 225TH ST LACONIA AVE,BRONX,12,16,36,83,12,10/30/1953,,,,
NY005000590,059,059,535,535,NY005220F,FOREST,FEDERAL,CONVENTIONAL,NEW CONST,,"1,348","1,350","6,154.0",4.57,,"3,002","3,002",498,37.3%,15,0,15,9-10-14,"771,920",17.72,"700,087",16.07,"125,002","11,465,400",16.19%,169,"$19,576,000","$3,186",$526,TINTON AVE E 163RD ST TRINITY AVE E 166TH ST,BRONX,3,15,32,79,16,11/12/1956,1978/07/01-ATP 3,,,
NY005012020,197,197,308,311,NY005110,FORT INDEPENDENCE STREET-HEATH AVENUE,FEDERAL,TURNKEY,NEW CONST,,342,344,"1,509.0",4.41,,733,733,117,34.7%,1,0,2,21,"149,152",3.42,"149,152",3.42,"25,162","3,321,343",16.87%,214,"$10,566,070","$6,933",$544,FT INDEPENDENCE ST HEATH AVE BAILEY AVE SUMMIT PL,BRONX,8,13,33,81,14,11/30/1974,,,,
NY005010670,225,067,342,222,NY005147,GLEBE AVENUE-WESTCHESTER AVENUE,FEDERAL,TURNKEY,NEW CONST (ELD),,131,132,434.5,3.32,,143,143,124,94.7%,1,0,1,6,"47,204",1.08,"47,204",1.08,"18,734","1,123,122",39.69%,132,"$3,356,367","$7,467",$324,GLEBE AVE WESTCHESTER AVE CASTLE HILL AVE LYON AVE,BRONX,10,14,34,87,18,12/31/1971,,EXCLUSIVELY,,
NY005010470,040,040,579,579,NY005267A,GUN HILL,FEDERAL,CONVENTIONAL,NEW CONST,,732,733,"3,126.0",4.27,,"1,470","1,470",283,39.1%,6,0,6,14,"345,256",7.93,"314,070",7.21,"54,684","6,221,645",15.84%,185,"$8,709,286","$2,784",$541,HOLLAND AVE WHITE PLAINS RD GUN HILL RD MAGENTA ST,BRONX,12,16,36,83,12,11/30/1950,1980/07/01-ATP 5,,,
NY005013410,347,341,772,762,NY005231,HARRISON AVENUE REHAB (GROUP A),FEDERAL,TURNKEY,REHAB,,34,34,146.0,4.29,,75,75,11,32.4%,1,0,1,5,"9,167",0.21,"9,167",0.21,"6,698","404,958",73.07%,357,"$2,368,803","$16,225",$486,HARRISON AVE W BURNSIDE AVE GRAND AVE KINGSLAND PL,BRONX,5,15,29,86,14,9/1/1986,,,YES,YES
NY005013410,547,341,773,762,NY005287,HARRISON AVENUE REHAB (GROUP B),FEDERAL,TURNKEY,REHAB,,150,150,664.0,4.43,,326,326,60,40.3%,4,0,4,5-6,"44,753",1.03,"44,753",1.03,"29,954","1,856,310",66.93%,317,"$10,059,298","$15,150",$517,UNIVERSITY PL W BURNSIDE AVE GRAND AVE KINGSLAND PL,BRONX,5,15,29,86,14,12/1/1986,,,YES,YES
NY005000780,078,078,229,229,NY005026,HIGHBRIDGE GARDENS,FEDERAL,CONVENTIONAL,NEW CONST,,700,700,"3,252.0",4.65,,"1,601","1,601",256,37.2%,6,0,6,13-14,"496,875",11.41,"496,875",11.41,"55,678","5,837,785",10.12%,140,"$7,547,875","$2,321",$521,SEDGWICK AVE W 167TH ST UNIVERSITY AVE,BRONX,4,15,29,77,16,6/18/1954,,,,
NY005015300,215,530,333,748,NY005164,HOE AVENUE-EAST 173RD STREET,FEDERAL,TURNKEY,NEW CONST,,65,65,270.5,4.16,,144,144,22,34.4%,1,0,1,6,"22,000",0.51,"22,000",0.51,"9,242","602,580",42.01%,282,"$1,583,566","$5,801",$505,HOE AVE E 173RD ST E 174TH ST VYSE AVE,BRONX,3,15,32,79,17,12/31/1970,,,,YES
NY005015300,367,530,806,748,NY005299,HUNTS POINT AVENUE REHAB,FEDERAL,TURNKEY,REHAB,,131,131,605.5,4.62,,314,314,35,27.3%,13,0,13,4-5,"58,206",1.34,"58,206",1.34,"35,180","1,540,888",60.44%,234,"$13,280,604","$21,933",$568,LAFAYETTE AVE HUNTS POINT AVE SENECA AVE IRVINE ST,BRONX,2,15,"32, 34",85,17,11/30/1991,,,YES,YES
NY005012670,120,267,243,243,NY005043,JACKSON,FEDERAL,CONVENTIONAL,NEW CONST,,868,868,"4,137.0",4.77,,"2,203","2,203",289,33.8%,7,1,7,16,"343,403",7.88,"343,403",7.88,"59,552","7,682,714",17.34%,280,"$14,850,303","$3,590",$533,PARK AVE COURTLANDT AVE E 158TH ST E 156TH ST,BRONX,1,15,32,79,17,7/31/1963,,,,
NY005015300,362,530,794,748,NY005295,LONGFELLOW AVENUE REHAB,FEDERAL,TURNKEY,REHAB,,75,75,412.5,5.50,,278,278,7,9.5%,2,0,2,5,"26,724",0.61,"26,724",0.61,"16,773","1,060,415",62.76%,456,"$7,044,209","$17,077",$666,WESTCHESTER AVE WHITLOCK AVE E 165TH ST BRYANT AVE,BRONX,2,15,32,85,17,10/31/1990,,,YES,YES
NY005020490,049,049,638,638,NY005379,MARBLE HILL,MIXED FINANCE/LLC1,CONVENTIONAL,NEW CONST,257,"1,680","1,682","7,112.0",4.23,548,"2,713","3,261",737,44.5%,11,1,12,14-15,"724,809",16.64,"652,495",14.98,"111,631","13,300,359",15.40%,196,"$17,882,055","$2,539",$517,EXTERIOR ST W 225TH ST BROADWAY W 230TH ST,BRONX,8,13,"31, 33","72, 81","10, 11, 14",3/6/1952,,,,
NY005000590,103,059,236,236,NY005031,MCKINLEY,FEDERAL,CONVENTIONAL,NEW CONST,,615,619,"2,928.5",4.76,,"1,441","1,441",220,35.8%,5,1,5,16,"289,985",6.66,"233,735",5.37,"41,286","5,580,675",14.24%,216,"$10,418,410","$3,535",$528,E 161ST ST E 163RD ST TINTON AVE KINGSLAND PL,BRONX,3,15,32,79,16,7/31/1962,,,,
NY005010280,028,028,523,523,NY005216B,MELROSE,FEDERAL,CONVENTIONAL,NEW CONST,,"1,021","1,023","4,854.5",4.75,,"2,418","2,418",363,35.8%,8,1,9,14,"541,687",12.44,"498,060",11.43,"68,826","8,736,312",12.71%,194,"$12,236,000","$2,515",$486,MORRIS AVE E 153RD ST COURTLANDT AVE E 156TH ST,BRONX,1,15,32,"79, 84",17,6/20/1952,1978/02/01-ATP 2,,,
NY005010340,191,034,302,313,NY005096B,MIDDLETOWN PLAZA,FEDERAL,CONVENTIONAL,NEW CONST (ELD),,177,179,602.5,3.40,,192,192,160,91.4%,1,0,1,15,"49,309",1.13,"49,309",1.13,"10,076","1,078,917",20.43%,170,"$6,090,291","$9,776",$313,ROBERTS AVE JARVIS AVE MIDDLETOWN RD HOBART AVE,BRONX,10,14,34,82,13,8/31/1973,,EXCLUSIVELY,,
NY005010840,084,084,570,570,NY005244C,MILL BROOK,FEDERAL,CONVENTIONAL,NEW CONST,,"1,251","1,255","5,799.5",4.64,,"2,814","2,814",484,39.2%,9,0,9,16,"507,592",11.65,"463,332",10.64,"76,410","10,446,587",14.17%,242,"$22,176,000","$3,898",$479,E 135TH ST BROOK AVE E 137TH ST CYPRESS AVE,BRONX,1,15,29,84,08,5/26/1959,1979/08/01-ATP 4,,,
NY005010840,132,084,570,570,NY005244C,MILL BROOK EXTENSION,FEDERAL,CONVENTIONAL,NEW CONST,,125,125,611.5,4.89,,297,297,54,43.2%,1,0,1,16,"22,500",0.52,"22,500",0.52,"8,660","1,130,657",38.49%,571,"$1,957,000","$3,198",$462,CYPRESS AVE E 135TH ST E 137TH ST,BRONX,1,15,29,84,08,1/31/1962,1979/08/01-ATP 4,,,
NY005011450,145,145,249,249,NY005050,MITCHEL,FEDERAL,CONVENTIONAL,NEW CONST,,"1,732","1,732","7,554.0",4.36,,"4,010","4,010",666,39.1%,10,1,12,17-19-20,"699,494",16.06,"653,938",15.01,"97,114","14,044,919",13.88%,250,"$33,012,851","$4,350",$534,LINCOLN AVE E 138TH ST WILLIS AVE E 135TH ST,BRONX,1,15,29,84,08,2/28/1966,,PARTIALLY,,
NY005000880,088,088,234,234,NY005036,MONROE,FEDERAL,CONVENTIONAL,NEW CONST,,"1,100","1,102","5,299.0",4.82,,"2,691","2,691",403,36.9%,12,1,20,8-14-15,"805,341",18.49,"805,341",18.49,"118,402","10,177,348",14.70%,146,"$16,449,659","$3,100",$526,SOUNDVIEW AVE STORY AVE TAYLOR AVE LAFAYETTE AVE,BRONX,9,15,32,85,18,11/2/1961,,,,
NY005010930,129,093,251,251,NY005080,MOORE,FEDERAL,CONVENTIONAL,NEW CONST,,463,463,"2,165.5",4.68,,"1,133","1,133",157,34.3%,2,0,4,20,"117,000",2.69,"117,000",2.69,"21,826","4,029,275",18.65%,421,"$7,256,661","$3,350",$520,E 147TH ST E 149TH ST JACKSON AVE TRINITY AVE,BRONX,1,15,29,84,08,3/31/1964,,,,
NY005011020,102,102,239,239,NY005037,MORRIS I,FEDERAL,CONVENTIONAL,NEW CONST,,"1,083","1,085","5,237.5",4.84,,"2,889","2,889",364,33.8%,10,0,10,16-20,"416,831",9.57,"416,831",9.57,"66,594","9,980,542",15.98%,302,"$20,735,295","$4,008",$499,PARK AVE E 170TH ST THIRD AVE E 169TH ST,BRONX,3,15,33,79,16,8/31/1965,,,,
NY005011020,502,102,280,239,NY005079,MORRIS II,FEDERAL,CONVENTIONAL,NEW CONST,,802,802,"3,765.0",4.69,,"1,989","1,989",268,33.8%,7,0,7,16-20,"358,843",8.24,"313,704",7.20,"51,875","7,162,265",14.46%,241,"$15,391,181","$4,008",$507,PARK AVE E 171ST ST THIRD AVE E 170TH ST,BRONX,3,15,33,79,16,8/31/1965,,,,
NY005011410,130,141,250,231,NY005048,MORRISANIA,FEDERAL,CONVENTIONAL,NEW CONST,,206,206,962.0,4.67,,531,531,69,34.0%,2,0,2,16,"60,890",1.40,"60,890",1.40,"13,024","1,769,693",21.39%,379,"$3,742,711","$3,891",$449,E 169TH ST WASHINGTON AVE PARK AVE,BRONX,3,15,32,79,16,5/31/1963,,,,
NY005012670,267,267,385,385,NY005190,MORRISANIA AIR RIGHTS,FEDERAL,TURNKEY,NEW CONST,,841,843,"3,788.5",4.50,,"1,681","1,681",428,52.1%,3,0,5,19-23-29,"274,300",6.30,"274,300",6.30,"64,435","11,316,800",23.49%,267,"$40,272,504","$10,584",$473,PARK AVE E 158TH ST E 161ST ST E 163RD ST,BRONX,"3, 4",15,32,79,"16, 17",1/1/1981,,PARTIALLY,,
NY005001210,121,121,244,244,NY005044,MOTT HAVEN,FEDERAL,CONVENTIONAL,NEW CONST,,992,993,"4,634.0",4.67,,"2,542","2,542",313,31.7%,8,1,9,20-22,"417,367",9.58,"386,817",8.88,"78,477","9,236,613",18.80%,265,"$20,670,000","$4,456",$530,E 140TH ST E 144TH ST ALEXANDER AVE WILLIS AVE,BRONX,1,15,29,84,08,3/31/1965,,,,
NY005010470,047,047,580,580,NY005267B,PARKSIDE,FEDERAL,CONVENTIONAL,NEW CONST,,879,879,"3,712.5",4.22,,"1,734","1,734",359,41.3%,14,0,20,6-7-14-15,"485,455",11.14,"453,178",10.40,"96,415","7,454,500",19.86%,156,"$9,676,316","$2,606",$506,ADEE AVE WHITE PLAINS RD ARNOW AVE BRONX PARK EAST,BRONX,11,14,36,80,15,6/12/1951,1980/07/01-ATP 5,,,
NY005000240,024,024,522,522,NY005216A,PATTERSON,FEDERAL,CONVENTIONAL,NEW CONST,,"1,789","1,791","8,508.5",4.76,,"4,194","4,194",627,35.5%,15,0,25,6-13,"748,573",17.18,"702,358",16.12,"167,841","14,503,544",22.42%,244,"$20,731,000","$2,433",$519,MORRIS AVE THIRD AVE E 145TH ST E 139TH ST,BRONX,1,15,29,84,08,12/31/1950,1978/02/01-ATP 2,,,
NY005010390,039,039,586,586,NY005271A,PELHAM PARKWAY,FEDERAL,CONVENTIONAL,NEW CONST,,"1,265","1,266","5,446.5",4.31,,"2,472","2,472",528,42.2%,23,0,38,6,"1,034,160",23.74,"967,252",22.21,"184,875","10,665,277",17.88%,104,"$15,295,753","$2,806",$541,PELHAM PKWY WALLACE AVE WILLIAMSBRIDGE RD MACE AVE,BRONX,11,14,34,80,13,6/30/1950,1980/10/01-ATP 7,,,
NY005010630,245,063,364,218,NY005179,RANDALL AVENUE-BALCOM AVENUE,FEDERAL,TURNKEY,NEW CONST (ELD),,251,252,823.5,3.28,,276,276,217,88.6%,3,0,3,6,"230,000",5.28,"230,000",5.28,"48,175","1,582,410",20.95%,52,"$9,186,414","$10,757",$354,RANDALL AVE BALCOM AVE SCHLEY AVE BUTTRICK AVE,BRONX,10,14,34,82,13,10/31/1978,,EXCLUSIVELY,,
NY005012800,280,280,506,506,NY005205,SACK WERN,FEDERAL,CONVENTIONAL,REHAB,,411,413,"1,891.5",4.60,,864,864,166,40.9%,7,1,8,6,"226,969",5.21,"226,969",5.21,"63,056","3,782,352",27.78%,166,"$8,699,894","$4,528",$573,BEACH AVE TAYLOR AVE NOBLE AVE ROSEDALE AVE,BRONX,9,15,34,85,18,5/12/1977,,,,
NY005020930,093,093,673,673,NY005384,SAINT MARY’S PARK,MIXED FINANCE/LLC1,CONVENTIONAL,NEW CONST,210,"1,005","1,007","4,523.5",4.50,539,"1,760","2,299",344,34.7%,6,0,6,21,"588,851",13.52,"545,801",12.53,"57,006","8,922,933",9.68%,170,"$16,351,823","$3,607",$512,CAULDWELL AVE E 156TH ST WESTCHESTER AVE TRINITY AVE,BRONX,1,15,"29, 32","79, 84",17,4/30/1959,,,,
NY005010450,045,045,368,368,NY005183B,SEDGWICK,FEDERAL,CONVENTIONAL,NEW CONST,,783,786,"3,316.5",4.24,,"1,457","1,457",341,43.9%,7,0,7,14-15,"319,008",7.32,"319,008",7.32,"59,598","6,642,484",18.68%,199,"$8,397,841","$2,529",$491,UNDERCLIFF AVE W 174TH ST UNIVERSITY AVE,BRONX,5,13,29,77,16,3/23/1951,1972/06/29-FED TRAN,,,
NY005010670,067,067,222,222,NY005022,SOTOMAYOR HOUSES,FEDERAL,CONVENTIONAL,NEW CONST,,"1,495","1,497","6,963.5",4.66,,"3,286","3,286",567,38.4%,28,3,31,7,"1,340,519",30.77,"1,340,519",30.77,"190,435","12,238,008",14.21%,107,"$17,963,549","$2,564",$542,WATSON AVE BRUCKNER BLVD SOUNDVIEW AVE LELAND AVE,BRONX,9,15,32,85,18,2/28/1955,,,,
NY005000710,071,071,537,537,NY005220H,SOUNDVIEW,FEDERAL,CONVENTIONAL,NEW CONST,,"1,258","1,259","5,863.0",4.66,,"2,901","2,901",493,39.6%,13,2,28,7,"1,076,761",24.72,"1,076,761",24.72,"164,048","10,481,330",14.32%,117,"$13,445,000","$2,308",$500,ROSEDALE AVE LACOMBE AVE BRONX RIVER AVE SOUNDVIEW PK,BRONX,9,15,32,85,18,10/29/1954,1978/07/01-ATP 3,,,
NY005013420,305,342,550,753,NY005224,SOUTH BRONX AREA (SITE 402),FEDERAL,TURNKEY,NEW CONST,,112,114,592.0,5.29,,383,383,18,16.2%,4,0,19,3,"149,500",3.43,"149,500",3.43,"41,764","1,301,202",27.94%,112,"$8,902,455","$14,764",$636,E 158TH ST E 161ST ST CAULDWELL AVE EAGLE AVE,BRONX,1,15,32,79,17,5/1/1988,,,YES,
NY005013420,353,342,770,753,NY005280,STEBBINS AVENUE-HEWITT PLACE,FEDERAL,TURNKEY,NEW CONST,,119,120,535.5,4.50,,274,274,37,31.1%,2,0,14,3,"123,156",2.83,"123,156",2.83,"42,267","1,098,942",34.32%,97,"$8,851,338","$16,391",$648,HEWITT PL WESTCHESTER AVE REV JAMES A POLITE AVE DAWSON ST,BRONX,2,15,32,85,17,4/17/1987,,,YES,
NY005013080,223,308,344,344,NY005163,TELLER AVENUE-EAST 166TH STREET,FEDERAL,TURNKEY,NEW CONST,,90,90,352.0,3.91,,185,185,41,46.1%,1,0,1,6,"27,481",0.63,"27,481",0.63,"12,354","816,812",44.95%,294,"$2,296,895","$6,363",$463,TELLER AVE E 167TH ST CLAY AVE E 166TH ST,BRONX,4,15,32,77,16,9/30/1971,,,,
NY005010630,063,063,218,218,NY005015,THROGGS NECK,FEDERAL,CONVENTIONAL,NEW CONST,,"1,182","1,185","5,423.0",4.59,,"2,648","2,648",407,34.9%,29,2,66,3-7,"1,430,081",32.83,"1,430,081",32.83,"228,989","11,440,850",16.01%,81,"$15,541,569","$2,859",$540,RANDALL AVE CALHOUN AVE SAMPSON AVE BALCOM AVE,BRONX,10,14,34,82,13,11/27/1953,,,,
NY005010630,193,063,303,218,NY005098,THROGGS NECK ADDITION,FEDERAL,CONVENTIONAL,NEW CONST,,287,287,"1,330.5",4.64,,692,692,112,40.0%,4,0,4,8-11,"384,899",8.84,"384,899",8.84,"39,315","2,755,918",10.21%,78,"$7,405,898","$5,523",$542,DEWEY AVE BALCOLM AVE RANDALL AVE THROGGS NECK HOUSES,BRONX,10,14,34,82,13,9/30/1971,,,,
NY005012270,287,180,577,577,NY005227,TWIN PARKS EAST (SITE 9),FEDERAL,CONVENTIONAL,NEW CONST (ELD),,219,219,689.5,3.15,,231,231,189,87.5%,1,0,1,14,"71,490",1.64,"71,490",1.64,"11,388","1,505,284",15.93%,141,"$11,406,932","$16,520",$296,CLINTON AVE E 180TH ST PROSPECT AVE OAKLAND PL,BRONX,6,15,33,79,15,4/30/1982,,EXCLUSIVELY,YES,
NY005013420,342,342,753,753,NY005214,UNION AVENUE-EAST 163RD STREET,FEDERAL,TURNKEY,NEW CONST (ELD),,199,200,696.5,3.50,,229,229,172,88.2%,1,0,1,9,"115,299",2.65,"115,299",2.65,"18,632","1,502,857",16.16%,86,"$12,675,000","$18,107",$325,E 165TH ST PROSPECT AVE E 163RD ST UNION AVE,BRONX,3,15,32,79,17,3/11/1985,,EXCLUSIVELY,YES,
NY005013420,356,342,768,753,NY005291,UNION AVENUE-EAST 166TH STREET,FEDERAL,TURNKEY,NEW CONST,,120,120,539.0,4.49,,280,280,38,32.2%,6,0,20,3,"98,707",2.27,"98,707",2.27,"38,943","1,022,257",39.45%,123,"$9,239,549","$17,142",$556,E 166TH ST PROSPECT AVE HOME ST UNION AVE,BRONX,3,15,32,79,17,9/1/1988,,,YES,
NY005013410,341,341,762,762,NY005283,UNIVERSITY AVENUE REHAB,FEDERAL,TURNKEY,REHAB,,230,230,"1,034.0",4.50,,519,519,93,40.4%,4,0,5,6,"77,898",1.79,"77,898",1.79,"43,696","2,798,894",56.09%,290,"$15,900,000","$15,377",$529,W BURNSIDE AVE UNIVERSITY AVE W TREMONT AVE ANDREWS AVE,BRONX,5,15,29,86,14,1/31/1985,,,YES,YES
NY005011410,141,141,231,231,NY005028,WEBSTER,FEDERAL,CONVENTIONAL,NEW CONST,,606,606,"2,831.0",4.67,,"1,562","1,562",223,37.2%,5,1,6,21,"197,199",4.53,"197,199",4.53,"31,247","5,322,369",15.85%,345,"$12,227,114","$4,319",$503,E 169TH ST PARK AVE E 168TH ST WEBSTER AVE,BRONX,3,15,32,79,16,9/30/1965,,,,
NY005015300,360,530,780,780,NY005286,WEST FARMS ROAD REHAB,FEDERAL,TURNKEY,REHAB,,208,208,883.0,4.25,,437,437,68,33.0%,4,0,7,6,"51,965",1.19,"51,965",1.19,"34,935","2,104,200",67.23%,367,"$14,480,678","$16,399",$570,FREEMAN ST JENNINGS ST WEST FARMS RD LONGFELLOW AVE,BRONX,"2, 3",15,32,85,17,8/13/1986,,,YES,YES
NY005015310,526,530,481,482,NY005318,WEST FARMS SQUARE CONVENTIONAL,FEDERAL,CONVENTIONAL,REHAB,,20,20,85.0,4.25,,50,50,2,10.0%,1,0,1,5,"5,000",0.11,"5,000",0.11,"3,363","202,892",67.26%,455,"$1,558,811","$18,339",$576,E 167TH ST LONGFELLOW AVE WEST FARMS RD,BRONX,3,15,32,85,17,6/30/1994,,,YES,YES
NY005010450,246,045,365,368,NY005180,WEST TREMONT AVENUE-SEDGWICK AVENUE AREA,FEDERAL,TURNKEY,NEW CONST (ELD),,148,148,485.0,3.28,,159,159,130,89.7%,1,0,1,12,"36,563",0.84,"36,563",0.84,"9,609","982,251",26.28%,189,"$4,380,000","$8,734",$272,W TREMONT AVE MONTGOMERY AVE PALISADE PL SEDGWICK AVE,BRONX,5,15,29,77,14,7/31/1973,,EXCLUSIVELY,,
NY005011670,242,167,361,283,NY005174,104-14 TAPSCOTT STREET,FEDERAL,TURNKEY,NEW CONST,,30,30,131.0,4.37,,65,65,5,17.2%,1,0,1,4,"10,000",0.23,"10,000",0.23,"6,983","351,238",69.83%,283,"$839,110","$6,505",$643,TAPSCOTT ST UNION ST SUTTER AVE BLAKE AVE,BROOKLYN,16,9,20,55,41,10/31/1972,,,,
NY005010730,156,073,267,267,NY005068,303 VERNON AVENUE,FEDERAL,CONVENTIONAL,NEW CONST,,234,234,"1,101.0",4.71,,541,541,100,43.1%,1,0,1,24,"110,000",2.53,"110,000",2.53,"11,311","2,207,369",10.28%,214,"$4,703,702","$4,272",$511,VERNON AVE MARCUS GARVEY BLVD MYRTLE AVE,BROOKLYN,3,8,18,54,36,5/31/1967,,,,
NY005011630,196,163,307,272,NY005103,572 WARREN STREET,FEDERAL,TURNKEY,NEW CONST,,200,200,815.0,4.08,,375,375,84,42.0%,1,1,2,6,"81,700",1.88,"81,700",1.88,"28,530","1,726,301",34.92%,199,"$5,984,598","$7,116",$536,WARREN ST BALTIC ST THIRD AVE FOURTH AVE,BROOKLYN,6,7,25,52,33,8/31/1972,,,,
NY005010310,031,031,524,524,NY005216C,ALBANY,FEDERAL,CONVENTIONAL,NEW CONST,,823,829,"3,777.5",4.59,,"1,886","1,886",267,32.7%,6,0,6,14,"388,389",8.92,"388,389",8.92,"58,455","7,082,630",15.05%,211,"$8,951,000","$2,356",$565,ALBANY AVE SAINT MARKS AVE TROY AVE PARK PL,BROOKLYN,8,9,25,56,36,10/14/1950,1978/02/01-ATP 2,,,
NY005010310,085,031,524,524,NY005216C,ALBANY II,FEDERAL,CONVENTIONAL,NEW CONST,,400,400,"1,848.0",4.62,,985,985,130,33.1%,3,0,3,13-14,"214,594",4.93,"214,594",4.93,"26,053","3,249,689",12.14%,200,"$4,666,000","$2,540",$542,BERGEN ST TROY AVE ALBANY HOUSES ALBANY AVE,BROOKLYN,8,9,25,56,36,2/7/1957,1978/02/01-ATP 2,,,
NY005012100,210,210,325,325,NY005120,ARMSTRONG I,FEDERAL,CONVENTIONAL,NEW CONST,,369,371,"1,763.5",4.78,,977,977,143,39.0%,11,1,58,3-4-6,"245,481",5.64,"245,481",5.64,"94,311","4,800,020",38.42%,173,"$14,648,872","$8,129",$581,CLIFTON PL MARCY AVE GATES AVE BEDFORD AVE,BROOKLYN,3,8,25,"56, 57",36,5/31/1973,,PARTIALLY,,
NY005012100,228,210,355,325,NY005116,ARMSTRONG II,FEDERAL,TURNKEY,NEW CONST,,248,248,"1,276.0",5.15,,702,702,58,23.8%,5,1,17,4,"162,118",3.72,"162,118",3.72,"67,372","3,123,424",41.56%,189,"$7,802,067","$6,114",$600,GREENE AVE GATES AVE TOMPKINS AVE MARCY AVE,BROOKLYN,3,8,25,56,36,10/31/1974,,,,
NY005011630,256,163,384,272,NY005189,ATLANTIC TERMINAL SITE 4B,FEDERAL,TURNKEY,NEW CONST,,299,300,"1,237.5",4.14,,582,582,121,41.0%,1,0,1,31,"88,155",2.02,"88,155",2.02,"15,382","2,464,800",17.45%,288,"$10,797,972","$8,489",$562,CLERMONT AVE ATLANTIC AVE CARLTON AVE FULTON ST,BROOKLYN,2,8,25,57,35,4/30/1976,,,,
NY005020920,092,092,670,670,NY005368,BAY VIEW,MIXED FINANCE/LLC1,CONVENTIONAL,NEW CONST,340,"1,609","1,610","7,310.5",4.54,871,"2,635","3,506",620,38.8%,23,2,26,8,"1,481,844",34.02,"1,459,244",33.50,"228,305","14,262,296",15.41%,103,"$19,575,470","$2,676",$529,SEAVIEW AVE E 102ND ST ROCKAWAY PKWY SHORE PKWY,BROOKLYN,18,8,19,59,46,6/7/1956,,,,
NY005010730,311,073,266,538,NY005255,BEDFORD-STUYVESANT REHAB,FEDERAL,TURNKEY,REHAB,,84,85,381.0,4.54,,180,180,29,34.9%,3,0,5,4-6,"26,000",0.60,"26,000",0.60,"18,283","856,611",70.32%,300,"$5,219,763","$13,316",$579,THROOP AVE VERNON AVE MARCUS GARVEY BLVD HART ST,BROOKLYN,3,8,18,54,36,5/31/1983,,,YES,
NY005010460,345,046,761,761,NY005282,BELMONT-SUTTER AREA,FEDERAL,TURNKEY,NEW CONST,,72,72,336.0,4.67,,189,189,21,29.2%,3,0,8,3,"80,000",1.84,"80,000",1.84,"24,395","889,912",30.49%,103,"$5,373,534","$15,993",$577,BELMONT AVE JEROME ST SUTTER AVE BARBEY ST,BROOKLYN,5,8,19,60,42,2/28/1986,,,YES,
NY005011310,357,131,777,777,NY005288,BERRY STREET-SOUTH 9TH STREET,FEDERAL,TURNKEY,NEW CONST,,150,150,711.0,4.74,,370,370,44,29.9%,4,0,15,3-6,"129,228",2.97,"129,228",2.97,"39,559","1,341,343",30.61%,125,"$17,062,418","$23,999",$627,SOUTH 9TH ST BEDFORD & DIVISION AVES SOUTH 11TH ST WYTHE AVE,BROOKLYN,1,7,18,50,33,9/30/1995,,,YES,
NY005012430,243,243,353,353,NY005175,BORINQUEN PLAZA I,FEDERAL,TURNKEY,NEW CONST,,509,509,"2,359.5",4.64,,"1,123","1,123",270,53.9%,8,2,10,7,"250,875",5.76,"250,875",5.76,"96,902","4,544,080",38.63%,195,"$15,625,047","$6,556",$539,MANHATTAN AVE BOERUM ST BUSHWICK AVE VARET ST,BROOKLYN,1,7,18,53,34,2/28/1975,,PARTIALLY,,
NY005012430,271,243,390,353,NY005195,BORINQUEN PLAZA II,FEDERAL,TURNKEY,NEW CONST,,425,425,"2,265.5",5.33,,"1,123","1,123",149,35.1%,7,0,7,7,"184,000",4.22,"184,000",4.22,"61,115","4,223,000",33.21%,266,"$16,411,918","$7,244",$612,BOERUM ST HUMBOLDT ST SEIGEL ST BUSHWICK AVE,BROOKLYN,1,7,18,53,34,12/31/1975,,,,
NY005020460,046,046,637,637,NY005369,BOULEVARD,MIXED FINANCE/LLC2,CONVENTIONAL,NEW CONST,438,"1,424","1,441","5,992.0",4.21,846,"1,850","2,696",581,41.6%,18,0,30,6-14,"1,127,650",25.89,"1,127,650",25.89,"170,051","12,141,094",15.08%,104,"$13,645,438","$2,247",$518,LINDEN BLVD ASHFORD ST WORTMAN AVE SCHENCK AVE,BROOKLYN,5,8,19,60,42,3/22/1951,,,,
NY005000560,056,056,212,212,NY005011,BREUKELEN,FEDERAL,CONVENTIONAL,NEW CONST,,"1,592","1,595","7,460.0",4.69,,"3,476","3,476",539,34.3%,30,2,97,3-7,"2,830,416",64.98,"2,141,741",49.17,"360,423","14,297,000",12.73%,53,"$18,410,273","$2,464",$544,STANLEY AVE FLATLANDS AVE E 103RD ST WILLIAMS AVE,BROOKLYN,18,8,19,"58, 60",42,11/6/1952,,,,
NY005000650,065,065,213,213,NY005017,BREVOORT,FEDERAL,CONVENTIONAL,NEW CONST,,894,896,"4,187.0",4.68,,"1,918","1,918",330,37.1%,13,1,27,7,"751,896",17.26,"687,188",15.78,"121,363","7,735,916",16.14%,111,"$11,831,887","$2,849",$571,BAINBRIDGE ST RALPH AVE FULTON ST PATCHEN AVE,BROOKLYN,3,8,25,55,41,8/10/1955,,,,
NY005012520,325,252,336,336,NY005277,BROWN,FEDERAL,TURNKEY,NEW CONST (ELD),,200,200,700.0,3.50,,220,220,179,90.4%,2,0,2,6,"99,460",2.28,"99,460",2.28,"29,354","1,493,904",29.51%,96,"$13,425,060","$19,179",$368,EASTERN PKWY PROSPECT PL HOPKINSON AVE SAINT MARKS AVE,BROOKLYN,16,8,20,55,41,7/23/1985,,EXCLUSIVELY,YES,
NY005000160,016,016,512,512,NY005213D,BROWNSVILLE,FEDERAL,CONVENTIONAL,NEW CONST,,"1,336","1,338","6,279.0",4.70,,"3,166","3,166",416,31.6%,27,0,46,6-7,"819,997",18.82,"732,841",16.82,"188,564","10,371,638",23.00%,168,"$12,898,000","$2,054",$520,SUTTER AVE DUMONT AVE MOTHER GASTON BLVD ROCKAWAY AVE,BROOKLYN,16,9,20,55,41,4/16/1948,1977/07/01-ATP 1,,,
NY005020860,086,086,430,430,NY005370,BUSHWICK,MIXED FINANCE/LLC1,CONVENTIONAL,NEW CONST,209,"1,219","1,220","5,669.5",4.65,555,"2,288","2,843",499,41.3%,8,0,8,13-20,"697,736",16.02,"639,260",14.68,"78,768","11,288,105",11.29%,177,"$20,346,000","$3,599",$541,HUMBOLDT ST MOORE ST BUSHWICK AVE FLUSHING AVE,BROOKLYN,1,7,18,53,34,4/1/1960,,,,
NY005012470,302,247,565,546,NY005222,BUSHWICK II (GROUPS A & C),FEDERAL,TURNKEY,NEW CONST,,299,300,"1,446.5",4.84,,716,716,125,41.8%,25,0,25,3,"402,930",9.25,"402,930",9.25,"102,600","3,200,584",25.46%,77,"$20,840,392","$14,235",$607,CENTRAL AVE HARMAN AVE GREEN AVE HALSEY ST,BROOKLYN,4,"7, 8",18,"53, 54","34, 37",7/19/1984,,,YES,
NY005012470,303,247,566,546,NY005240,BUSHWICK II (GROUPS B & D),FEDERAL,TURNKEY,NEW CONST,,300,300,"1,450.0",4.83,,702,702,121,40.5%,25,1,27,3,"440,392",10.11,"440,392",10.11,"102,600","3,200,584",23.30%,69,"$19,608,177","$13,339",$584,GATES AVE WILSON AVE MADISON AVE EVERGREEN AVE,BROOKLYN,4,7,18,"53, 54","34, 37",7/5/1984,,,YES,
NY005012470,324,247,758,546,NY005263,BUSHWICK II CDA (GROUP E),FEDERAL,TURNKEY,NEW CONST,,276,276,"1,212.0",4.39,,555,555,153,55.8%,5,0,37,3,"300,000",6.89,"300,000",6.89,"84,230","2,198,403",28.08%,81,"$20,078,888","$16,539",$543,KNICKERBOCKER AVE WILSON AVE GATES AVE MENAHAN ST,BROOKLYN,4,7,18,53,37,12/10/1986,,,YES,
NY005011660,166,166,288,288,NY005088,CAREY GARDENS,FEDERAL,CONVENTIONAL,NEW CONST,,682,683,"3,095.0",4.54,,"1,632","1,632",284,41.9%,3,2,5,15-17,"364,406",8.37,"364,406",8.37,"58,078","6,234,149",15.94%,195,"$16,996,504","$5,476",$486,W 24TH ST NEPTUNE AVE W 22ND ST SURF AVE,BROOKLYN,13,8,23,46,47,11/30/1970,,,,
NY005011700,094,170,671,671,NY005363,CONEY ISLAND,FEDERAL,CONVENTIONAL,NEW CONST,,530,534,"2,426.0",4.58,,"1,121","1,121",211,40.1%,5,0,5,14,"298,874",6.86,"239,429",5.50,"38,119","4,912,800",12.75%,163,"$7,728,534","$3,165",$599,SURF AVE W 32ND ST RIEGELMANN BRDWK W 29TH ST,BROOKLYN,13,8,23,46,47,2/25/1957,1995/07/13-PTA,,,
NY005011660,239,166,335,288,NY005161,CONEY ISLAND I (SITE 1B),FEDERAL,TURNKEY,NEW CONST,,192,193,952.0,4.96,,512,512,73,38.2%,1,0,1,18,"93,061",2.14,"93,061",2.14,"14,078","1,876,990",15.13%,239,"$7,531,412","$7,829",$552,W 20TH ST W 21ST ST SURF AVE MERMAID AVE,BROOKLYN,13,8,23,46,47,5/31/1973,,,,
NY005011720,238,172,334,334,NY005157,CONEY ISLAND I (SITE 8),FEDERAL,TURNKEY,NEW CONST,,124,125,626.0,5.05,,361,361,37,30.6%,1,0,2,14,"61,483",1.41,"61,483",1.41,"11,970","1,187,936",19.47%,256,"$5,853,893","$9,255",$559,W 35TH ST W 36TH ST SURF AVE MERMAID AVE,BROOKLYN,13,8,23,46,47,12/31/1973,,,,
NY005011700,216,170,328,278,NY005123,CONEY ISLAND I (SITES 4 & 5),FEDERAL,TURNKEY,NEW CONST,,376,376,"1,879.0",5.00,,"1,029","1,029",103,27.9%,1,1,6,17,"187,318",4.30,"187,318",4.30,"38,750","4,017,326",20.69%,239,"$16,603,000","$8,808",$595,MERMAID AVE W 25TH ST SURF AVE W 28TH ST,BROOKLYN,13,8,23,46,47,7/31/1974,,,,
NY005000690,069,069,223,223,NY005023,COOPER PARK,FEDERAL,CONVENTIONAL,NEW CONST,,700,700,"3,281.0",4.69,,"1,554","1,554",301,43.4%,11,0,13,7,"528,967",12.14,"496,296",11.39,"86,767","5,878,957",16.40%,128,"$7,702,277","$2,346",$541,FROST ST MORGAN AVE KINGSLAND AVE MASPETH AVE,BROOKLYN,1,12,18,50,34,6/25/1953,,,,
NY005013510,312,351,331,765,NY005258,CROWN HEIGHTS,FEDERAL,TURNKEY,REHAB,,121,121,527.5,4.36,,241,241,33,27.5%,8,0,8,4,"51,255",1.18,"51,255",1.18,"31,650","1,139,400",61.75%,204,"$7,974,650","$15,118",$625,BUFFALO AVE BERGEN ST RALPH AVE SAINT JOHNS PL,BROOKLYN,8,"8, 9","20, 25","55, 56",41,9/4/1986,,,YES,
NY005010700,070,070,536,536,NY005220G,CYPRESS HILLS,FEDERAL,CONVENTIONAL,NEW CONST,,"1,439","1,444","6,588.5",4.58,,"3,250","3,250",519,36.4%,15,0,30,7,"1,264,130",29.02,"1,264,130",29.02,"223,364","12,338,237",17.67%,112,"$14,773,000","$2,247",$517,SUTTER AVE EUCLID AVE LINDEN BLVD FOUNTAIN AVE,BROOKLYN,5,8,"18, 19",60,42,5/25/1955,1978/07/01-ATP 3,,,
NY005010700,263,070,378,378,NY005171,EAST NEW YORK CITY LINE,FEDERAL,TURNKEY,NEW CONST,,66,66,409.0,6.20,,258,258,19,29.2%,33,0,33,3,"84,400",1.94,"84,400",1.94,"26,943","719,300",31.92%,133,"$2,774,644","$6,784",$633,FOUNTAIN AVE HEGEMAN AVE LOGAN ST,BROOKLYN,5,8,19,60,42,3/31/1976,,,,
NY005000290,029,029,532,532,NY005220C,FARRAGUT,FEDERAL,CONVENTIONAL,NEW CONST,,"1,389","1,390","6,512.5",4.69,,"3,185","3,185",537,38.8%,10,0,10,14,"723,570",16.61,"723,570",16.61,"100,746","11,639,930",13.92%,192,"$15,187,000","$2,324",$532,YORK ST NASSAU ST NAVY ST BRIDGE ST,BROOKLYN,2,8,25,57,35,5/7/1952,1978/07/01-ATP 3,,,
NY005011670,205,167,322,283,NY005129,FENIMORE-LEFFERTS,FEDERAL,TURNKEY,NEW CONST,,36,36,180.0,5.00,,98,98,12,33.3%,18,0,18,2,"33,705",0.77,"33,705",0.77,"20,339","564,300",60.34%,127,"$633,673","$3,520",$741,FENIMORE ST TROY AVE LEFFERTS AVE NOSTRAND AVE,BROOKLYN,9,9,20,43,"40, 41",9/30/1969,,,YES,
NY005012610,207,261,375,375,NY005188,FIORENTINO PLAZA,FEDERAL,CONVENTIONAL,NEW CONST,,158,160,787.0,4.98,,443,443,31,19.7%,8,0,10,4,"95,000",2.18,"95,000",2.18,"42,189","1,916,306",44.41%,203,"$6,138,432","$7,712",$537,GLENMORE AVE VAN SICLEN AVE PITKIN AVE WYONA ST,BROOKLYN,5,8,19,55,37,10/31/1971,,,,
NY005012520,252,252,381,381,NY005166,GARVEY (GROUP A),FEDERAL,CONVENTIONAL,NEW CONST,,320,321,"1,525.0",4.77,,863,863,124,39.4%,3,1,6,"2, 6-14","142,730",3.28,"142,730",3.28,"40,745","3,257,257",28.55%,263,"$12,599,489","$8,168",$563,EAST NEW YORK AVE AMBOY ST PITKIN AVE,BROOKLYN,16,9,20,55,41,2/28/1975,,PARTIALLY,,
NY005011690,171,169,581,581,NY005267C,GLENMORE PLAZA,FEDERAL,CONVENTIONAL,NEW CONST,,439,440,"1,701.5",3.88,,823,823,189,44.1%,4,0,4,10-18-24,"186,180",4.27,"186,180",4.27,"24,838","4,024,811",13.34%,193,"$10,600,000","$6,221",$499,PITKIN AVE GLENMORE AVE WATKINS ST POWELL ST,BROOKLYN,16,8,19,55,37,4/30/1968,1980/07/01-ATP 5,,,
NY005000440,044,044,584,584,NY005268B,GLENWOOD,FEDERAL,CONVENTIONAL,NEW CONST,,"1,186","1,188","5,207.0",4.39,,"2,512","2,512",404,34.4%,20,0,40,6,"975,095",22.39,"915,230",21.01,"183,856","10,242,805",18.86%,112,"$12,907,133","$2,475",$599,E 56TH ST FARRAGUT RD RALPH AVE AVENUE H,BROOKLYN,18,8,21,59,45,7/14/1950,1980/07/01-ATP 6,,,
NY005000250,025,025,515,515,NY005213G,GOWANUS,FEDERAL,CONVENTIONAL,NEW CONST,,"1,137","1,139","5,436.5",4.78,,"2,669","2,669",455,40.4%,15,1,25,4-6-9-13-14,"547,663",12.57,"502,216",11.53,"105,659","9,028,680",19.29%,212,"$11,928,000","$2,203",$556,WYCKOFF ST DOUGLASS ST BOND ST HOYT ST,BROOKLYN,6,7,25,52,33,6/24/1949,1977/07/01-ATP 1,,,
NY005011720,068,172,225,225,NY005025,GRAVESEND,FEDERAL,CONVENTIONAL,NEW CONST,,627,634,"2,915.5",4.65,,"1,463","1,463",217,35.1%,15,0,15,7,"540,725",12.41,"540,725",12.41,"92,855","5,356,500",17.17%,118,"$7,927,996","$2,687",$494,NEPTUNE AVE BAYVIEW AVE W 33RD ST,BROOKLYN,13,8,23,46,47,6/28/1954,,,,
NY005011660,142,166,589,589,NY005271D,HABER,FEDERAL,CONVENTIONAL,NEW CONST (ELD),,380,380,"1,327.0",3.49,,442,442,347,92.8%,3,0,3,14,"134,432",3.09,"134,432",3.09,"23,903","2,547,605",17.78%,143,"$7,494,000","$5,647",$295,W 24TH ST SURF AVE REIGELMANN BRDWLK W 25TH ST,BROOKLYN,13,8,23,46,47,6/30/1965,1980/10/01-ATP 7,EXCLUSIVELY,,
NY005012470,247,247,546,546,NY005218,HOPE GARDENS,FEDERAL,CONVENTIONAL,NEW CONST,,323,324,"1,404.5",4.35,,696,696,176,54.7%,4,1,4,7-14,"202,500",4.65,"202,500",4.65,"41,000","351,600",20.25%,150,"$20,632,339","$14,504",$511,LINDEN ST WILSON AVE GROVE ST,BROOKLYN,4,7,18,53,37,8/31/1981,,PARTIALLY,YES,
NY005000720,072,072,568,568,NY005244A,HOWARD,FEDERAL,CONVENTIONAL,NEW CONST,,813,815,"3,699.5",4.55,,"1,835","1,835",279,34.8%,10,0,16,7-13,"664,735",15.26,"621,176",14.26,"87,500","6,943,700",13.16%,120,"$11,359,000","$3,079",$504,EAST NEW YORK AVE MOTHER GASTON BLVD PITKIN AVE ROCKAWAY AVE,BROOKLYN,16,8,20,55,41,12/30/1955,1979/08/01-ATP 4,,,
NY005013510,339,351,782,765,NY005261,HOWARD AVENUE,FEDERAL,TURNKEY,NEW CONST,,148,150,669.0,4.52,,373,373,39,26.5%,5,1,25,3,"132,915",3.05,"132,915",3.05,"50,568","1,536,736",38.05%,122,"$11,464,557","$15,641",$663,EAST NEW YORK AVE GRAFTON ST SUTTER AVE TAPSCOTT ST,BROOKLYN,16,9,20,55,41,8/1/1988,,,YES,
NY005013510,365,351,551,551,NY005225,HOWARD AVENUE-PARK PLACE,FEDERAL,TURNKEY,NEW CONST,,155,156,776.5,5.01,,449,449,28,18.2%,8,0,159,3,"197,563",4.54,"197,563",4.54,"54,978","1,657,275",27.83%,99,"$15,843,706","$20,286",$700,HOWARD AVE STERLING PL EASTERN PKWY SAINT JOHNS PL,BROOKLYN,16,9,"20, 25",55,41,8/31/1994,,,YES,
NY005011680,168,168,275,275,NY005081,HUGHES APARTMENTS,FEDERAL,CONVENTIONAL,NEW CONST,,509,513,"2,421.5",4.76,,"1,366","1,366",135,26.8%,3,1,4,22,"241,990",5.56,"241,990",5.56,"23,502","4,599,540",9.71%,246,"$10,288,064","$4,201",$585,ROCKAWAY AVE MOTHER GASTON BLVD SUTTER AVE BELMONT AVE,BROOKLYN,16,9,20,55,41,6/30/1968,,,,
NY005010860,109,086,680,680,NY005364,HYLAN,FEDERAL,CONVENTIONAL,NEW CONST,,209,209,933.5,4.47,,456,456,82,39.4%,1,0,1,19,"77,658",1.78,"77,658",1.78,"11,403","1,878,400",14.68%,256,"$3,945,608","$4,240",$573,MOORE ST HUMBOLDT ST SEIGEL ST BUSHWICK AVE,BROOKLYN,1,7,18,53,34,6/30/1960,1995/07/13-PTA,,,
NY005021400,140,234,442,442,NY005376,INDEPENDENCE,MIXED FINANCE/LLC2,CONVENTIONAL,NEW CONST,155,741,744,"3,333.5",4.50,354,"1,360","1,714",326,44.8%,6,0,6,21,"232,000",5.33,"232,000",5.33,"44,685","6,457,003",19.26%,322,"$14,543,000","$4,344",$470,CLYMER ST WILSON ST WYTHE AVE BEDFORD AVE,BROOKLYN,1,7,18,50,33,10/31/1965,,,,
NY005000140,014,014,510,510,NY005213B,INGERSOLL,FEDERAL,CONVENTIONAL,NEW CONST,,"1,830","1,840","8,698.0",4.75,,"4,198","4,198",493,29.2%,20,1,46,6-11,"884,521",20.31,"812,641",18.66,"175,748","10,226,288",17.62%,207,"$12,236,672","$1,681",$577,PARK AVE SAINT EDWARDS ST MYRTLE AVE PRINCE ST,BROOKLYN,2,8,25,57,35,2/24/1944,1977/07/01-ATP 1,,,
NY005010100,010,010,205,205,NY005006,KINGSBOROUGH,FEDERAL,CONVENTIONAL,NEW CONST,,"1,154","1,165","4,711.0",4.08,,"2,408","2,408",409,36.5%,16,0,35,6,"695,544",15.97,"665,526",15.28,"129,189","8,037,853",18.57%,151,"$5,175,100","$1,107",$504,RALPH AVE PACIFIC ST BERGEN ST ROCHESTER AVE,BROOKLYN,"8, 16",8,25,"55, 56",41,10/31/1941,,,,
NY005010100,161,010,268,205,NY005071,KINGSBOROUGH EXTENSION,FEDERAL,CONVENTIONAL,NEW CONST (ELD),,182,184,637.0,3.50,,203,203,168,92.8%,1,0,1,25,"63,254",1.45,"63,254",1.45,"7,110","1,224,082",11.24%,140,"$2,986,383","$4,637",$343,BERGEN ST PACIFIC ST ROCHESTER AVE RALPH AVE,BROOKLYN,8,8,25,56,41,5/31/1966,,EXCLUSIVELY,,
NY005001220,122,122,247,247,NY005047,LAFAYETTE,FEDERAL,CONVENTIONAL,NEW CONST,,882,882,"4,385.0",4.97,,"2,422","2,422",286,32.7%,7,0,7,13-15-20,"334,323",7.68,"304,776",7.00,"58,504","8,369,220",17.50%,315,"$14,689,766","$3,350",$609,LAFAYETTE AVE CLASSON AVE DEKALB AVE FRANKLIN AVE,BROOKLYN,3,8,25,57,35,7/31/1962,,,,
NY005011670,348,167,763,763,NY005292,LENOX ROAD-ROCKAWAY PARKWAY,FEDERAL,TURNKEY,REHAB,,74,74,327.0,4.42,,166,166,18,24.3%,3,0,3,4,"24,000",0.55,"24,000",0.55,"18,791","943,450",78.30%,302,"$4,669,919","$14,281",$627,KINGS HIGHWAY E 98TH ST WILIMOHR ST E 97TH ST,BROOKLYN,17,9,20,"55, 58",41,9/1/1985,,,YES,
NY005020950,095,095,672,672,NY005377,LINDEN,MIXED FINANCE/LLC2,CONVENTIONAL,NEW CONST,474,"1,586","1,586","7,311.0",4.61,1298,"2,313","3,611",582,37.9%,19,2,21,8-14,"1,299,426",29.83,"1,299,426",29.83,"173,020","14,333,039",13.06%,121,"$20,230,969","$2,767",$563,VERMONT ST STANLEY AVE SCHENCK AVE COZINE AVE,BROOKLYN,5,8,19,60,42,7/17/1958,,,,
NY005012610,276,261,502,375,NY005201,LONG ISLAND BAPTIST HOUSES,FEDERAL,CONVENTIONAL,REHAB,,229,232,"1,039.5",4.54,,526,526,63,28.3%,4,0,4,6,"78,700",1.81,"78,700",1.81,"37,700","2,490,500",47.90%,291,"$11,627,063","$11,010",$540,SUTTER AVE SHEFFIELD AVE DUMONT AVE HINSDALE ST,BROOKLYN,5,8,19,60,42,6/30/1981,,,YES,
NY005011690,169,169,276,276,NY005082,LOW HOUSES,FEDERAL,CONVENTIONAL,NEW CONST,,534,536,"2,542.0",4.76,,"1,358","1,358",156,29.7%,4,0,4,17-18,"256,459",5.89,"256,459",5.89,"45,163","4,802,466",17.61%,231,"$10,312,262","$4,052",$507,SACKMAN ST POWELL ST CHRISTOPHER ST PITKIN AVE,BROOKLYN,16,8,"19, 20",55,41,12/31/1967,,,,
NY005000210,021,021,514,514,NY005213F,MARCY,FEDERAL,CONVENTIONAL,NEW CONST,,"1,716","1,717","8,268.0",4.82,,"4,147","4,147",607,35.8%,27,1,71,6,"1,241,000",28.49,"1,101,547",25.29,"240,198","13,741,160",19.36%,146,"$19,420,000","$2,347",$560,FLUSHING AVE MARCY AVE NOSTRAND AVE MYRTLE AVE,BROOKLYN,3,7,18,56,36,1/19/1949,1977/07/01-ATP 1,,,
NY005013590,363,359,803,840,NY005300,MARCY AVENUE-GREENE AVENUE SITE A,FEDERAL,TURNKEY,NEW CONST,,48,48,231.0,4.81,,123,123,13,27.7%,2,0,7,3,"51,104",1.17,"51,104",1.17,"16,354","434,689",32.00%,105,"$5,042,549","$21,829",$505,GREENE AVE MARCY AVE NOSTRAND AVE LEXINGTON AVE,BROOKLYN,3,8,25,56,36,6/30/1997,,,YES,YES
NY005013590,358,359,804,840,NY005293,MARCY AVENUE-GREENE AVENUE SITE B,FEDERAL,TURNKEY,NEW CONST,,30,30,145.0,4.83,,76,76,8,26.7%,1,0,5,3,"36,926",0.85,"36,926",0.85,"10,081","267,953",27.30%,89,"$3,168,261","$21,850",$582,GREENE AVE MARCY AVE NOSTRAND AVE LEXINGTON AVE,BROOKLYN,3,8,25,56,36,6/30/1997,,,YES,YES
NY005020830,083,083,426,426,NY005380,MARLBORO,MIXED FINANCE/LLC1,CONVENTIONAL,NEW CONST,348,"1,764","1,765","8,248.0",4.68,861,"3,251","4,112",671,38.7%,28,2,30,7-16,"1,518,505",34.86,"1,471,805",33.79,"202,426","15,183,887",13.33%,118,"$22,429,000","$2,783",$551,STILLWELL AVE AVENUE V 86TH ST AVENUE X,BROOKLYN,13,11,23,"45, 47",47,2/27/1958,,,,
NY005010360,043,036,585,585,NY005268C,NOSTRAND,FEDERAL,CONVENTIONAL,NEW CONST,,"1,146","1,148","4,966.0",4.33,,"2,327","2,327",463,41.0%,16,1,33,6,"1,036,600",23.80,"1,036,600",23.80,"177,223","9,377,365",17.10%,98,"$13,817,794","$2,779",$516,AVENUE V BRAGG ST AVENUE X BATCHELDER ST,BROOKLYN,15,9,19,41,46,12/14/1950,1980/07/01-ATP 6,,,
NY005011620,162,162,269,269,NY005072,OCEAN HILL APARTMENTS,FEDERAL,CONVENTIONAL,NEW CONST,,238,238,"1,077.0",4.53,,640,640,62,26.6%,3,1,4,14,"112,916",2.59,"112,916",2.59,"16,412","2,178,743",14.53%,247,"$4,875,929","$4,527",$684,BROADWAY MACDOUGAL ST MOTHER GASTON BLVD CHERRY ST,BROOKLYN,16,8,18,55,37,3/31/1968,,,,
NY005013510,313,351,287,765,NY005257,OCEAN HILL-BROWNSVILLE,FEDERAL,TURNKEY,REHAB,,125,125,540.5,4.32,,304,304,16,13.1%,5,0,5,4,"242,141",5.56,"242,141",5.56,"78,188","2,000,000",32.29%,55,"$8,068,686","$14,942",$599,RALPH AVE ATLANTIC AVE SARATOGA AVE DEAN ST,BROOKLYN,16,8,25,55,41,11/10/1986,,,YES,
NY005011720,172,172,582,582,NY005267D,O’DWYER GARDENS,FEDERAL,CONVENTIONAL,NEW CONST,,570,573,"2,204.0",3.87,,947,947,305,54.4%,6,1,7,15-16,"276,010",6.34,"276,010",6.34,"34,501","5,421,328",12.50%,149,"$15,000,000","$6,649",$525,W 32ND ST SURF AVE W 35TH ST MERMAID AVE,BROOKLYN,13,8,23,46,47,12/31/1969,1980/07/01-ATP 5,,,
NY005012470,195,247,393,393,NY005196,PALMETTO GARDENS,FEDERAL,TURNKEY,NEW CONST (ELD),,113,115,340.5,3.01,,117,117,107,95.5%,1,0,1,6,"27,419",0.63,"27,419",0.63,"12,739","750,300",46.46%,186,"$4,584,000","$12,257",$315,PALMETTO ST GATES AVE EVERGREEN AVE BUSHWICK AVE,BROOKLYN,4,8,18,54,34,3/31/1977,,EXCLUSIVELY,,
NY005013510,351,351,765,765,NY005285,PARK ROCK REHAB,FEDERAL,TURNKEY,REHAB,,134,134,582.0,4.34,,319,319,31,23.5%,9,0,9,4,"53,914",1.24,"53,914",1.24,"33,105","166,531",61.40%,257,"$10,500,000","$18,041",$679,BELMONT AVE JEROME ST SUTTER AVE BARBEY ST,BROOKLYN,8,9,"20, 25",55,36,9/1/1986,,,YES,
NY005011940,194,194,305,305,NY005091,PENNSYLVANIA AVENUE-WORTMAN AVENUE,FEDERAL,CONVENTIONAL,NEW CONST,,336,336,"1,343.0",4.00,,627,627,145,43.8%,3,1,3,8-16,"236,930",5.44,"236,930",5.44,"40,998","2,712,190",17.30%,115,"$11,936,021","$8,606",$462,PENNSYLVANIA AVE WORTMAN AVE STANLEY AVE VERMONT ST,BROOKLYN,5,8,19,60,42,9/30/1972,,,,
NY005000890,089,089,235,235,NY005035,PINK,FEDERAL,CONVENTIONAL,NEW CONST,,"1,500","1,500","7,098.0",4.73,,"3,651","3,651",471,31.7%,22,2,25,8,"1,354,844",31.10,"1,311,306",30.10,"193,511","13,316,063",14.28%,117,"$20,134,047","$2,835",$557,CRESCENT ST LINDEN BLVD ELDERTS LA STANLEY AVE,BROOKLYN,5,8,19,60,42,9/30/1959,,,,
NY005011670,352,167,771,763,NY005290,RALPH AVENUE REHAB,FEDERAL,TURNKEY,REHAB,,118,118,529.0,4.48,,284,284,26,22.0%,5,0,5,4,"70,486",1.62,"70,486",1.62,"27,982","3,052,668",39.70%,175,"$6,714,551","$12,693",$574,EAST NEW YORK AVE RALPH AVE SUTTER AVE E 98TH ST,BROOKLYN,16,9,20,55,41,12/23/1986,,,YES,
NY005000040,004,004,202,202,NY005001,RED HOOK EAST,FEDERAL,CONVENTIONAL,NEW CONST,,"1,404","1,411","5,888.0",4.19,,"2,832","2,832",540,39.6%,16,3,51,2-6,"856,003",19.65,"856,003",19.65,"192,198","10,734,477",22.45%,144,,,$525,CLINTON ST LORRAINE ST COLUMBIA ST WEST 9TH ST,BROOKLYN,6,7,25,51,38,11/20/1939,,,,
NY005000790,079,079,"202 - BLDGS 15-25, 230 - BLDGS 1-4",230,"NY005001 - BLDGS 15-25, NY005029 - BLDGS 1-4",RED HOOK WEST,FEDERAL,CONVENTIONAL,NEW CONST,,"1,471","1,480","6,320.5",4.30,,"3,165","3,165",528,36.9%,14,1,50,3-6-14,"841,727",19.32,"841,727",19.32,"169,260","11,454,257",20.11%,164,,,$532,RICHARDS ST LORRAINE ST HICKS ST WEST 9TH ST,BROOKLYN,6,7,25,51,38,11/20/1939,,,,
NY005011670,167,167,283,283,NY005089,REID APARTMENTS,FEDERAL,CONVENTIONAL,NEW CONST (ELD),,227,230,681.5,3.00,,235,235,206,92.0%,1,0,1,20,"68,762",1.58,"68,762",1.58,"13,285","1,397,832",19.32%,149,"$3,910,160","$5,227",$318,TROY AVE ALBANY AVE EAST NEW YORK AVE MAPLE ST,BROOKLYN,9,9,20,43,41,11/30/1969,,EXCLUSIVELY,,
NY005011350,135,135,227,227,NY005054,ROOSEVELT I,FEDERAL,CONVENTIONAL,NEW CONST,,761,763,"3,575.5",4.70,,"1,814","1,814",323,42.8%,6,0,6,14-15-18,"340,000",7.81,"340,000",7.81,"52,168","6,754,320",15.34%,232,"$14,017,427","$3,914",$526,KOSCIUSKO ST PULASKI ST MARCUS GARVEY BLVD STUYVESANT AVE,BROOKLYN,3,8,18,"54, 56",36,9/30/1964,,PARTIALLY,,
NY005011350,177,135,281,227,NY005083,ROOSEVELT II,FEDERAL,CONVENTIONAL,NEW CONST,,342,342,"1,496.0",4.37,,727,727,139,41.0%,3,0,3,14-15,"146,506",3.36,"146,506",3.36,"24,067","2,801,874",16.43%,216,"$6,450,218","$4,312",$538,LEWIS AVE STUYVESANT AVE HART ST PULASKI ST,BROOKLYN,3,8,18,54,36,12/31/1966,,,,
NY005011670,282,167,508,283,NY005211,RUTLAND TOWERS,FEDERAL,CONVENTIONAL,REHAB,,60,61,218.0,3.63,,100,100,29,49.2%,1,0,1,6,"19,400",0.45,"19,400",0.45,"13,470","642,963",69.43%,222,"$1,594,181","$6,727",$502,EAST NEW YORK AVE E 91ST ST E 92ND ST RUTLAND RD,BROOKLYN,17,9,20,58,41,5/17/1977,,,,
NY005011620,158,162,274,269,NY005067,SARATOGA VILLAGE,FEDERAL,CONVENTIONAL,NEW CONST,,125,125,562.5,4.50,,298,298,42,33.6%,1,0,1,16,"54,935",1.26,"54,935",1.26,"6,911","1,037,975",12.58%,237,"$2,334,676","$4,147",$613,SARATOGA AVE HANCOCK ST HALSEY ST,BROOKLYN,16,8,18,55,41,12/31/1966,,,,
NY005010360,036,036,314,314,NY005114B,SHEEPSHEAD BAY,FEDERAL,CONVENTIONAL,NEW CONST,,"1,054","1,056","4,911.0",4.66,,"2,383","2,383",371,35.4%,18,0,36,6,"1,036,600",23.80,"953,637",21.89,"159,727","10,080,777",15.41%,100,"$12,596,000","$2,573",$542,AVENUE X BATCHELDER ST AVENUE V NOSTRAND AVE,BROOKLYN,15,9,19,41,46,8/8/1950,1968/08/29-FED TRAN,,,
NY005013510,366,351,801,765,NY005250,STERLING PLACE REHABS (SAINT JOHNS-STERLING),FEDERAL,TURNKEY,REHAB,,83,83,440.5,5.31,,275,275,12,14.6%,5,0,5,4,"49,149",1.13,"49,149",1.13,"28,039","1,312,849",57.05%,243,"$9,091,865","$20,640",$709,SAINT JOHNS PL & PARK PL STERLING PL BUFFALO AVE & UTICA AVE RALPH AVE,BROOKLYN,8,9,"20, 25",55,"36, 41",5/11/1991,,,YES,
NY005013510,368,351,837,765,NY005305,STERLING PLACE REHABS (STERLING-BUFFALO),FEDERAL,TURNKEY,REHAB,,125,125,593.5,4.75,,329,329,25,20.2%,7,0,7,4,"48,928",1.12,"48,928",1.12,"36,119","1,656,285",73.82%,294,"$12,235,716","$20,616",$614,SAINT JOHNS PL & PARK PL STERLING PL BUFFALO AVE & UTICA AVE RALPH AVE,BROOKLYN,8,9,"20, 25",55,"36, 41",5/11/1991,,,YES,
NY005012210,221,221,337,337,NY005133,STUYVESANT GARDENS I,FEDERAL,TURNKEY,NEW CONST,,329,331,"1,614.5",4.91,,828,828,96,29.3%,5,0,25,4,"202,058",4.64,"202,058",4.64,"92,431","3,341,149",45.74%,178,"$10,070,462","$6,212",$626,QUINCY ST MALCOLM X BLVD MONROE ST LEWIS AVE,BROOKLYN,3,8,25,56,36,8/31/1972,,,,
NY005012210,333,221,755,755,NY005269,STUYVESANT GARDENS II,FEDERAL,TURNKEY,NEW CONST (ELD),,150,150,525.0,3.50,,166,166,135,91.2%,1,0,1,7,"70,050",1.61,"70,050",1.61,"16,458","1,044,874",23.49%,103,"$9,991,893","$19,032",$396,QUINCY ST MALCOLM X BLVD MONROE ST STUYVESANT AVE,BROOKLYN,3,8,25,56,36,2/28/1986,,EXCLUSIVELY,YES,
NY005010730,073,073,538,538,NY005220I,SUMNER,FEDERAL,CONVENTIONAL,NEW CONST,,"1,098","1,099","5,007.0",4.56,,"2,288","2,288",470,43.2%,13,0,24,7-12,"963,265",22.11,"905,577",20.79,"131,812","8,881,677",13.68%,103,"$18,007,000","$3,608",$528,PARK AVE LEWIS AVE MYRTLE AVE THROOP AVE,BROOKLYN,3,8,18,56,36,5/14/1958,1978/07/01-ATP 3,,,
NY005011700,170,170,278,278,NY005087,SURFSIDE GARDENS,FEDERAL,CONVENTIONAL,NEW CONST,,594,600,"2,550.0",4.29,,"1,141","1,141",358,61.7%,5,0,5,14-15,"323,050",7.42,"323,050",7.42,"36,810","5,005,316",11.39%,154,"$13,577,964","$5,261",$450,W 31ST ST NEPTUNE AVE W 33RD ST SURF AVE,BROOKLYN,13,8,23,46,47,6/30/1969,,PARTIALLY,,
NY005011670,369,167,807,203,NY005311,SUTTER AVENUE-UNION STREET,FEDERAL,TURNKEY,REHAB,,100,100,467.0,4.67,,254,254,19,19.2%,3,0,3,4-6,"37,500",0.86,"37,500",0.86,"21,424","1,011,839",57.13%,295,"$9,370,007","$20,064",$678,SUTTER AVE UNION STREET EAST NEW YORK AVE,BROOKLYN,16,9,20,55,41,8/31/1995,,,YES,
NY005011670,354,167,775,763,NY005278,TAPSCOTT STREET REHAB,FEDERAL,TURNKEY,REHAB,,155,155,687.5,4.44,,349,349,39,25.5%,8,0,8,4,"64,755",1.49,"64,755",1.49,"37,312","1,679,040",57.62%,234,"$10,106,270","$14,721",$532,SUTTER AVE GRAFTON ST DUMONT AVE UNION ST,BROOKLYN,16,9,20,55,41,1/24/1986,,,YES,
NY005012340,234,234,358,358,NY005141,TAYLOR STREET-WYTHE AVENUE,FEDERAL,TURNKEY,NEW CONST,,525,525,"2,465.5",4.70,,"1,226","1,226",227,43.8%,5,1,6,8-11-12-13,"183,100",4.20,"183,100",4.20,"57,205","5,051,383",31.24%,292,"$20,178,024","$8,118",$477,WYTHE AVE CLYMER ST ROSS ST,BROOKLYN,1,7,18,50,33,6/30/1974,,,,
NY005000720,096,096,233,233,NY005034,TILDEN,FEDERAL,CONVENTIONAL,NEW CONST,,998,998,"4,750.0",4.76,,"2,556","2,556",326,33.2%,8,1,9,16,"465,764",10.69,"465,764",10.69,"66,416","8,888,637",14.26%,239,"$14,827,430","$3,122",$492,DUMONT AVE MOTHER GASTON BLVD LIVONIA AVE ROCKAWAY AVE,BROOKLYN,16,9,20,55,41,6/30/1961,,,,
NY005011310,131,131,246,246,NY005046,TOMPKINS,FEDERAL,CONVENTIONAL,NEW CONST,,"1,045","1,046","5,218.5",4.99,,"2,818","2,818",352,34.0%,8,1,13,8-16,"521,950",11.98,"521,950",11.98,"94,386","9,894,217",18.08%,235,"$18,445,969","$3,532",$572,PARK AVE THROOP AVE MYRTLE AVE TOMPKINS AVE,BROOKLYN,3,8,18,56,36,7/31/1964,,,,
NY005012610,240,261,348,375,NY005169,"UNITY PLAZA (SITES 17,24,25A)",FEDERAL,TURNKEY,NEW CONST,,167,167,768.5,4.60,,471,471,41,24.7%,3,0,3,6,"80,525",1.85,"80,525",1.85,"27,159","2,001,480",33.73%,255,"$5,191,821","$6,699",$583,SUTTER AVE BLAKE AVE SHEFFIELD AVE ALABAMA AVE,BROOKLYN,5,8,19,60,42,11/30/1973,,,,
NY005012610,261,261,318,375,NY005117,UNITY PLAZA (SITES 4-27),FEDERAL,CONVENTIONAL,NEW CONST,,460,462,"2,141.0",4.65,,"1,133","1,133",130,28.8%,5,0,13,6,"249,250",5.72,"249,250",5.72,"89,543","5,304,133",35.92%,198,"$16,798,483","$7,813",$557,BLAKE ST SHEFFIELD AVE DUMONT AVE HINSDALE ST,BROOKLYN,5,8,19,60,42,9/30/1973,,,,
NY005000610,061,061,216,216,NY005013,VAN DYKE I,FEDERAL,CONVENTIONAL,NEW CONST,,"1,603","1,603","7,402.5",4.62,,"3,855","3,855",469,29.7%,22,1,32,3-14,"906,484",20.81,"844,628",19.39,"161,168","13,652,083",16.56%,185,"$21,351,730","$2,884",$546,SUTTER AVE POWELL ST LIVONIA AVE MOTHER GASTON BLVD,BROOKLYN,16,9,"19, 20",55,41,5/27/1955,,,,
NY005011680,146,182,257,257,NY005055,VAN DYKE II,FEDERAL,CONVENTIONAL,NEW CONST (ELD),,111,112,413.5,3.73,,128,128,104,94.5%,1,0,1,14,"40,574",0.93,"40,574",0.93,"9,017","845,622",22.22%,138,"$2,318,317","$5,546",$334,DUMONT AVE POWELL ST,BROOKLYN,16,9,19,55,41,4/30/1964,,EXCLUSIVELY,,
NY005011940,315,194,273,273,NY005243,VANDALIA AVENUE,FEDERAL,TURNKEY,NEW CONST (ELD),,288,293,"1,036.0",3.60,,333,333,262,91.0%,2,1,3,10,"256,217",5.88,"256,217",5.88,"33,868","2,315,113",13.22%,57,"$20,511,981","$19,480",$376,LOUISIANA AVE VANDALIA AVE GEORGIA AVE FLATLANDS AVE,BROOKLYN,5,8,19,60,42,5/31/1983,,EXCLUSIVELY,YES,
NY005010310,229,031,357,357,NY005132,WEEKSVILLE GARDENS,FEDERAL,TURNKEY,NEW CONST,,256,257,"1,285.0",5.02,,718,718,77,30.8%,2,0,14,4-5,"141,365",3.25,"141,365",3.25,"63,228","2,929,695",44.73%,221,"$7,871,249","$6,073",$568,PACIFIC ST SCHENECTADY AVE DEAN ST TROY AVE,BROOKLYN,8,8,25,56,36,4/30/1974,,,,
NY005005140,514,514,509,509,NY005213A,WHITMAN,FEDERAL,CONVENTIONAL,NEW CONST,,"1,651","1,659","7,833.5",4.74,,"3,866","3,866",554,34.2%,15,3,48,6-13,"803,058",18.44,"744,421",17.09,"156,524","9,769,048",19.49%,210,"$10,341,328","$1,655",$556,PARK AVE CARLTON AVE MYRTLE AVE SAINT EDWARDS ST,BROOKLYN,2,8,25,57,35,2/24/1944,1977/07/01-ATP 1,,,
NY005021280,128,128,443,443,NY005385,WILLIAMS PLAZA,MIXED FINANCE/LLC2,CONVENTIONAL,NEW CONST,109,577,577,"2,652.5",4.60,259,"1,031","1,290",287,50.3%,5,0,5,14-21,"242,859",5.58,"242,859",5.58,"39,895","5,239,694",16.43%,231,"$11,631,000","$4,390",$469,ROEBLING ST BROADWAY DIVISION AVE MARCY AVE,BROOKLYN,1,7,18,50,33,4/30/1964,,,,
NY005000020,002,002,200,200,NY005041,WILLIAMSBURG,FEDERAL,CONVENTIONAL,NEW CONST,,"1,627","1,630","6,528.5",4.01,,"3,025","3,025",770,48.3%,20,1,137,4,"1,016,895",23.34,"927,103",21.28,"326,716","14,056,383",32.13%,130,"$13,063,992","$2,266",$512,LEONARD ST BUSHWICK AVE MAUJER ST SCHOLES ST,BROOKLYN,1,7,18,53,34,4/10/1938,,,,
NY005011680,182,182,285,257,NY005084,WOODSON,FEDERAL,CONVENTIONAL,NEW CONST (ELD),,407,407,"1,419.5",3.49,,449,449,359,88.6%,2,0,2,10-25,"140,000",3.21,"100,000",2.30,"24,456","2,792,393",17.47%,140,"$8,225,987","$5,785",$342,BLAKE AVE LIVONIA AVE POWELL ST JUNIUS ST,BROOKLYN,16,8,19,55,42,8/31/1970,,EXCLUSIVELY,,
NY005011630,163,163,272,272,NY005074,WYCKOFF GARDENS,FEDERAL,CONVENTIONAL,NEW CONST,,528,529,"2,434.0",4.61,,"1,131","1,131",231,44.6%,3,0,3,21,"253,000",5.81,"253,000",5.81,"31,158","4,724,612",12.32%,195,"$10,130,155","$4,149",$584,THIRD AVE NEVINS ST WYCKOFF ST BALTIC ST,BROOKLYN,6,7,25,52,33,12/31/1966,,,,
NY005010970,154,097,264,261,NY005065,131 SAINT NICHOLAS AVENUE,FEDERAL,CONVENTIONAL,NEW CONST,,98,100,386.0,3.94,0,165,165,41,42.7%,1,0,1,17,"29,359",0.67,"29,359",0.67,"5,759","771,591",19.62%,246,"$1,880,013","$4,694",$529,SAINT NICHOLAS AVE W 116TH ST W 117TH ST,MANHATTAN,10,13,30,70,09,3/31/1965,,,,
NY005013590,359,359,840,840,NY005270,154 WEST 84TH STREET,FEDERAL,TURNKEY,NEW CONST,,35,35,157.5,4.50,0,74,74,7,20.0%,1,0,1,7,"9,621",0.22,"9,621",0.22,"5,774","361,857",60.01%,336,"$4,503,296","$28,412",$644,AMSTERDAM AVE W 84TH ST COLUMBUS AVE,MANHATTAN,7,10,29,69,06,3/31/1996,,,YES,YES
NY005010640,203,064,320,219,NY005126,335 EAST 111TH STREET,FEDERAL,TURNKEY,NEW CONST,,66,66,259.0,3.92,0,114,114,33,50.0%,1,0,1,6,"20,205",0.46,"20,205",0.46,"9,143","530,550",45.25%,248,"$1,241,825","$4,651",$482,SECOND AVE E 111TH ST FIRST AVE E 112TH ST,MANHATTAN,11,13,29,68,08,6/30/1969,,,,
NY005021850,185,153,452,452,NY005374,344 EAST 28TH STREET,MIXED FINANCE/LLC2,CONVENTIONAL,NEW CONST,73,225,225,985.5,4.38,146,281,427,111,50.2%,1,0,1,26,"44,644",1.02,"44,644",1.02,"7,889","1,946,457",17.67%,419,"$4,980,000","$5,053",$516,E 27TH ST NEW ST E 28TH ST FIRST AVE,MANHATTAN,6,12,27,74,02,3/31/1971,,,,
NY005011000,265,100,380,312,NY005186,45 ALLEN STREET,FEDERAL,TURNKEY,NEW CONST,,107,107,537.5,5.02,0,237,237,46,44.2%,1,1,2,14,"39,609",0.91,"39,609",0.91,"8,031","950,162",20.28%,260,"$4,290,021","$7,981",$687,GRAND ST ALLEN ST HESTER ST ELDRIDGE ST,MANHATTAN,3,7,26,65,01,7/31/1974,,,,
NY005010820,150,082,258,258,NY005059,830 AMSTERDAM AVENUE,FEDERAL,CONVENTIONAL,NEW CONST,,158,159,724.0,4.58,0,351,351,63,40.4%,1,0,1,20,"28,690",0.66,"28,690",0.66,"7,750","1,375,740",27.01%,532,"$3,631,814","$4,992",$492,W 101ST ST AMSTERDAM AVE W 100TH ST,MANHATTAN,7,10,30,69,07,8/31/1965,,,,
NY005010220,022,022,530,530,NY005220A,AMSTERDAM,FEDERAL,CONVENTIONAL,NEW CONST,,"1,084","1,084","5,129.0",4.73,0,"2,270","2,270",468,43.5%,13,0,24,6-13,"446,172",10.24,"413,534",9.49,"100,358","8,233,310",22.49%,222,"$12,262,000","$2,391",$544,W 61ST ST W 64TH ST WEST END AVE AMSTERDAM AVE,MANHATTAN,7,10,31,67,06,12/17/1948,1978/07/01-ATP 3,,,
NY005021870,187,022,453,453,NY005366,AMSTERDAM ADDITION,MIXED FINANCE/LLC1,CONVENTIONAL,NEW CONST,26,175,175,762.5,4.36,66,287,353,97,55.7%,1,0,1,27,"36,154",0.83,"36,154",0.83,"17,562","1,825,587",48.58%,425,"$7,053,000","$9,250",$510,W 64TH ST W 65TH ST AMSTERDAM AVE WEST END AVE,MANHATTAN,7,10,31,67,06,1/31/1974,,,,
NY005010030,125,003,444,444,NY005365,AUDUBON,FEDERAL,CONVENTIONAL,NEW CONST,,167,168,826.5,4.95,0,446,446,64,38.8%,1,0,1,20,"27,477",0.63,"27,477",0.63,"9,043","1,585,892",32.91%,708,"$2,817,000","$3,382",$578,W 154TH ST W 155TH ST AMSTERDAM AVE,MANHATTAN,9,13,30,71,07,4/30/1962,1995/07/13-PTA,,,
NY005010600,060,060,215,215,NY005012,BARUCH,FEDERAL,CONVENTIONAL,NEW CONST,,"2,193","2,194","10,240.5",4.67,0,"4,872","4,872",962,44.5%,17,1,35,7-13-14,"1,196,115",27.46,"1,101,503",25.29,"160,098","17,784,205",13.38%,177,"$36,411,155","$3,553",$534,E HOUSTON ST FDR DRIVE DELANCEY ST COLUMBIA ST,MANHATTAN,3,7,26,74,02,8/6/1959,,,,
NY005010600,198,060,383,215,NY005111,BARUCH HOUSES ADDITION,FEDERAL,CONVENTIONAL,NEW CONST (ELD),,197,197,646.5,3.28,0,242,242,179,92.3%,1,0,1,23,"47,204",1.08,"47,204",1.08,"6,149","1,268,931",13.03%,224,"$6,622,549","$9,907",$302,COLUMBIA ST DELANCEY ST E HOUSTON ST FDR DRIVE,MANHATTAN,3,7,26,74,02,4/30/1977,,EXCLUSIVELY,,
NY005010030,160,003,271,271,NY005070,BETHUNE GARDENS,FEDERAL,CONVENTIONAL,NEW CONST (ELD),,210,210,735.0,3.50,0,260,260,185,88.5%,1,0,1,22,"63,546",1.46,"63,546",1.46,"7,751","1,393,115",12.20%,178,"$3,785,397","$5,007",$337,W 156TH ST SAINT NICHOLAS AVE AMSTERDAM AVE,MANHATTAN,12,13,30,71,07,3/31/1967,,EXCLUSIVELY,,
NY005012920,264,337,379,370,NY005185,BRACETTI PLAZA,FEDERAL,TURNKEY,NEW CONST,,108,108,538.0,4.98,0,257,257,47,43.9%,1,0,2,7,"44,353",1.02,"44,353",1.02,"18,790","1,216,072",42.36%,252,"$4,364,419","$8,008",$596,E 3RD ST AVENUE C E 4TH ST AVENUE B,MANHATTAN,3,12,26,74,02,5/31/1974,,,,
NY005012570,286,337,593,593,NY005264,CAMPOS PLAZA II,FEDERAL,CONVENTIONAL,NEW CONST,,224,224,"1,088.0",4.86,0,508,508,105,46.9%,2,0,3,9-17,"93,155",2.14,"93,155",2.14,"29,149","2,470,285",31.29%,237,"$17,601,547","$16,193",$627,AVENUE B E 14TH ST AVENUE C E 13TH ST,MANHATTAN,3,12,27,74,02,4/30/1983,,,YES,
NY005000580,058,058,534,534,NY005220E,CARVER,FEDERAL,CONVENTIONAL,NEW CONST,,"1,244","1,246","5,761.0",4.63,0,"2,586","2,586",502,41.0%,13,0,13,6-15,"637,132",14.63,"594,887",13.66,"97,568","10,275,141",15.31%,177,"$24,155,000","$4,145",$590,E 99TH ST PARK AVE MADISON AVE E 106TH ST,MANHATTAN,11,13,30,68,08,2/14/1958,1978/07/01-ATP 3,,,
NY005021340,134,134,446,446,NY005372,CHELSEA,MIXED FINANCE/LLC1,CONVENTIONAL,NEW CONST,68,425,425,"1,914.5",4.50,177,733,910,181,43.0%,2,0,4,21,"74,488",1.71,"74,488",1.71,"18,557","3,689,065",24.91%,532,"$8,776,000","$4,584",$583,W 25TH ST W 26TH ST NINTH AVE,MANHATTAN,4,10,27,75,03,5/31/1964,,,,
NY005011340,176,134,451,451,NY005361,CHELSEA ADDITION,FEDERAL,CONVENTIONAL,NEW CONST (ELD),,96,96,336.0,3.50,0,114,114,88,92.6%,1,0,1,14,"44,921",1.03,"44,921",1.03,"14,475","1,021,739",32.22%,111,"$2,402,000","$7,149",$337,CHELSEA PARK W 26TH ST TENTH AVE,MANHATTAN,4,10,31,75,03,4/30/1968,1995/07/13-PTA,EXCLUSIVELY,,
NY005001230,123,123,245,245,NY005045,CLINTON,FEDERAL,CONVENTIONAL,NEW CONST,,748,749,"3,523.0",4.71,0,"1,720","1,720",330,45.0%,6,2,8,9-18,"243,770",5.60,"232,673",5.34,"51,879","6,740,935",21.28%,307,"$16,774,779","$4,756",$529,"PARK & LEX AVES E 104TH,106TH STS E 108TH ST E 110TH ST",MANHATTAN,11,13,30,68,08,10/31/1965,,,,
NY005010640,199,064,359,219,NY005149,CORSI HOUSES,FEDERAL,CONVENTIONAL,NEW CONST (ELD),,171,171,512.5,3.00,0,186,186,144,86.7%,1,0,1,16,"32,004",0.73,"32,004",0.73,"20,446","1,361,650",63.89%,255,"$6,600,521","$11,882",$303,E 116TH ST E 117TH ST FIRST AVE SECOND AVE,MANHATTAN,11,13,29,68,08,11/30/1973,,EXCLUSIVELY,,
NY005011270,155,127,265,259,NY005066,DE HOSTOS APARTMENTS,FEDERAL,CONVENTIONAL,NEW CONST,,219,223,953.5,4.35,0,453,453,87,40.7%,1,0,1,22,"32,690",0.75,"32,690",0.75,"10,319","1,794,597",31.57%,604,"$4,044,899","$4,130",$532,AMSTERDAM AVE W 93RD ST BROADWAY W 94TH ST,MANHATTAN,7,10,30,69,06,3/28/1969,,,,
NY005010820,148,082,569,569,NY005244B,DOUGLASS ADDITION,FEDERAL,CONVENTIONAL,NEW CONST,,135,135,667.5,4.94,0,337,337,50,37.0%,1,0,1,16,"23,957",0.55,"23,957",0.55,"8,884","1,289,500",37.08%,613,"$3,783,000","$5,667",$600,W 102ND ST W 103RD ST AMSTERDAM AVE,MANHATTAN,7,10,30,69,07,6/30/1965,1979/08/01-ATP 4,,,
NY005010820,082,082,569,569,NY005244B,DOUGLASS I,FEDERAL,CONVENTIONAL,NEW CONST,,"1,302","1,305","5,806.0",4.46,0,"2,651","2,651",543,42.0%,11,0,11,5-9-12-17-20,"533,018",12.24,"533,018",12.24,"94,508","10,999,163",17.73%,217,"$22,701,754","$3,933",$549,W 104TH ST MANHATTAN AVE W 100TH ST COLUMBUS AVE,MANHATTAN,7,13,30,69,07,9/25/1958,1979/08/01-ATP 4,,,
NY005010820,582,082,569,569,NY005244B,DOUGLASS II,FEDERAL,CONVENTIONAL,NEW CONST,,752,753,"3,463.0",4.61,0,"1,589","1,589",307,41.0%,6,0,6,9-12-17-18-20,"414,973",9.53,"330,232",7.58,"44,044","6,568,578",10.61%,167,"$14,739,246","$4,277",$589,W 104TH ST COLUMBUS AVE W 100TH ST AMSTERDAM AVE,MANHATTAN,7,13,30,69,07,9/25/1958,1979/08/01-ATP 4,,,
NY005021110,111,111,434,434,NY005373,DREW-HAMILTON,MIXED FINANCE/LLC1,CONVENTIONAL,NEW CONST,278,"1,211","1,217","5,344.5",4.41,631,"2,169","2,800",474,40.0%,5,0,5,21,"312,188",7.17,"292,159",6.71,"74,433","9,889,060",23.84%,391,"$25,146,000","$4,687",$482,W 141ST ST W 144TH ST POWELL BLVD DOUGLASS BLVD,MANHATTAN,10,13,30,70,09,9/30/1965,,,,
NY005000410,041,041,373,373,NY005183A,DYCKMAN,FEDERAL,CONVENTIONAL,NEW CONST,,"1,167","1,167","5,054.5",4.33,0,"2,270","2,270",532,45.9%,7,1,8,14,"613,884",14.09,"570,318",13.09,"80,457","9,780,114",13.11%,161,"$14,202,915","$2,812",$543,DYCKMAN ST NAGLE AVE W 204TH ST TENTH AVE,MANHATTAN,12,13,31,72,10,4/25/1951,1972/06/29-FED TRAN,,,
NY005010090,009,009,207,207,NY005005,EAST RIVER,FEDERAL,CONVENTIONAL,NEW CONST,,"1,156","1,170","4,846.0",4.19,0,"2,284","2,284",470,41.7%,10,1,30,6-10-11,"512,822",11.77,"466,607",10.71,"112,140","7,963,515",21.87%,194,"$5,304,700","$1,086",$466,FIRST AVE FDR DRIVE E 102ND ST E 105TH ST,MANHATTAN,11,13,30,68,08,5/20/1941,,,,
NY005011340,015,134,367,367,NY005181C,ELLIOTT,FEDERAL,CONVENTIONAL,NEW CONST,,606,608,"2,843.0",4.69,0,"1,355","1,355",223,38.3%,4,0,8,11-12,"204,530",4.70,"204,530",4.70,"45,023","4,301,454",22.01%,288,"$5,042,342","$1,808",$577,W 25TH ST CHELSEA PARK NINTH AVE TENTH AVE,MANHATTAN,4,10,"27, 31",75,03,7/15/1947,1972/06/29-FED TRAN,,,
NY005012920,001,337,370,370,NY005181A,FIRST HOUSES,FEDERAL,CONVENTIONAL,NEW CONST,,126,126,448.0,3.56,0,178,178,56,47.1%,8,0,8,4-5,"53,532",1.23,"53,532",1.23,"24,540","1,411,795",45.84%,145,"$1,384,643","$3,653",$500,E 2ND ST E 3RD ST AVENUE A FIRST AVE,MANHATTAN,3,12,26,74,02,5/31/1936,1972/06/29-FED TRAN,,YES,
NY005013090,309,309,341,341,NY005266,FORT WASHINGTON AVENUE REHAB,FEDERAL,TURNKEY,REHAB (ELD),,226,226,814.0,3.60,0,277,277,204,90.3%,1,0,2,7,"112,034",2.57,"112,034",2.57,"43,735","3,690,779",39.04%,108,"$16,237,236","$19,862",$327,RIVERSIDE DR W 163RD ST FT WASHINGTON AVE W 165TH ST,MANHATTAN,12,13,31,71,07,10/1/1985,,EXCLUSIVELY,YES,
NY005001360,136,136,252,252,NY005053,FULTON,FEDERAL,CONVENTIONAL,NEW CONST,,944,944,"4,223.0",4.47,0,"2,166","2,166",374,39.9%,11,1,12,6-25,"214,139",4.92,"214,139",4.92,"70,645","8,097,991",25.88%,440,"$20,727,847","$4,866",$678,W 16TH ST W 19TH ST NINTH AVE,MANHATTAN,4,10,27,75,03,3/31/1965,,,,
NY005011000,100,100,237,237,NY005032,GOMPERS,FEDERAL,CONVENTIONAL,NEW CONST,,472,474,"2,193.0",4.65,0,"1,067","1,067",205,44.2%,2,2,5,20,"161,016",3.70,"161,016",3.70,"24,555","4,083,496",15.25%,288,"$9,322,807","$4,240",$556,DELANCY ST PITT ST STANTON ST,MANHATTAN,3,7,26,74,02,4/30/1964,,,,
NY005010300,281,030,507,503,NY005210,GRAMPION,FEDERAL,CONVENTIONAL,REHAB,,35,35,155.5,4.44,0,67,67,8,24.2%,1,0,1,7,"7,144",0.16,"7,144",0.16,"5,000","377,500",69.99%,419,"$817,621","$5,094",$522,W 119TH ST SAINT NICHOLAS AVE,MANHATTAN,10,13,30,70,09,5/17/1977,,,YES,
NY005000870,087,087,232,232,NY005030,GRANT,FEDERAL,CONVENTIONAL,NEW CONST,,"1,939","1,940","9,133.5",4.71,0,"4,282","4,282",741,39.0%,9,1,10,13-21,"655,681",15.05,"655,681",15.05,"101,477","16,701,596",15.48%,285,"$28,783,425","$3,150",$565,W 125TH ST MORNINGSIDE AVE W 123RD ST BROADWAY,MANHATTAN,9,13,30,69,07,10/31/1957,,,,
NY005010220,262,022,377,377,NY005168,HARBORVIEW TERRACE,FEDERAL,TURNKEY,NEW CONST,,377,377,"1,493.5",3.96,0,648,648,241,65.0%,2,0,2,14-15,"120,497",2.77,"120,497",2.77,"22,666","3,139,759",18.81%,234,"$16,721,224","$10,911",$522,W 54TH ST W 56TH ST TENTH AVE ELEVENTH AVE,MANHATTAN,4,10,"27, 31",67,06,6/30/1977,,PARTIALLY,,
NY005010030,003,003,201,201,NY005042,HARLEM RIVER,FEDERAL,CONVENTIONAL,NEW CONST,,574,577,"2,231.0",3.89,0,"1,079","1,079",181,32.3%,7,0,47,4-5,"322,075",7.39,"313,137",7.19,"103,777","5,237,933",32.22%,146,"$4,147,782","$2,103",$548,MACOMBS PL HARLEM RIVER DR W 151ST ST W 153RD ST,MANHATTAN,10,13,30,71,09,10/1/1937,,,,
NY005010030,147,003,256,201,NY005051,HARLEM RIVER II,FEDERAL,CONVENTIONAL,NEW CONST,,116,116,515.0,4.44,0,272,272,40,36.0%,1,0,1,15,"28,815",0.66,"28,815",0.66,"7,281","981,227",25.27%,412,"$2,605,601","$5,059",$589,DOUGLASS BLVD W 152ND ST MACOMBS PL W 151ST ST,MANHATTAN,10,13,30,71,09,10/31/1965,,,,
NY005011000,184,100,286,237,NY005085,HERNANDEZ,FEDERAL,CONVENTIONAL,NEW CONST,,149,149,601.5,4.04,0,260,260,80,54.4%,1,0,1,17,"44,689",1.03,"44,689",1.03,"13,167","1,293,680",29.46%,252,"$3,731,491","$6,077",$524,ALLEN ST STANTON ST ELDRIDGE ST E HOUSTON ST,MANHATTAN,3,7,26,65,01,8/31/1971,,,,
NY005011390,159,139,277,253,NY005069,HOLMES TOWERS,FEDERAL,CONVENTIONAL,NEW CONST,,536,537,"2,070.0",3.86,0,941,941,257,48.1%,2,0,2,25,"122,341",2.81,"122,341",2.81,"19,872","3,893,920",16.24%,335,"$10,435,545","$4,952",$511,FIRST AVE ISAACS HOUSES FDR DRIVE E 92ND ST,MANHATTAN,8,12,28,68,05,4/30/1969,,,,
NY005011390,139,139,253,253,NY005057,ISAACS,FEDERAL,CONVENTIONAL,NEW CONST,,634,636,"2,638.0",4.16,0,"1,250","1,250",279,44.1%,3,1,4,24,"152,173",3.49,"152,173",3.49,"32,645","4,857,894",21.45%,358,"$13,251,410","$5,009",$556,E 93RD ST FIRST AVE FDR DRIVE,MANHATTAN,8,12,29,68,05,7/31/1965,,,,
NY005010640,064,064,219,219,NY005016,JEFFERSON,FEDERAL,CONVENTIONAL,NEW CONST,,"1,486","1,493","6,945.0",4.67,0,"3,314","3,314",570,38.7%,18,1,35,7-13-14,"757,179",17.38,"757,179",17.38,"149,778","13,032,612",19.78%,191,"$26,894,981","$3,854",$565,E 112TH ST THIRD AVE E 115TH ST FIRST AVE,MANHATTAN,11,13,30,68,08,8/28/1959,,,,
NY005000170,017,017,516,516,NY005213H,JOHNSON,FEDERAL,CONVENTIONAL,NEW CONST,,"1,296","1,310","6,121.0",4.72,0,"3,076","3,076",488,38.2%,10,0,17,14,"517,632",11.88,"456,630",10.48,"97,804","10,582,024",18.89%,259,"$14,348,000","$2,337",$573,E 112TH ST E 115TH ST THIRD AVE PARK AVE,MANHATTAN,11,13,30,68,08,12/27/1948,1977/07/01-ATP 1,,,
NY005010300,030,030,518,518,NY005213J,KING TOWERS,FEDERAL,CONVENTIONAL,NEW CONST,,"1,377","1,379","6,342.5",4.61,0,"3,013","3,013",511,37.5%,10,0,10,13-14,"599,120",13.75,"555,560",12.75,"98,822","11,745,000",16.49%,219,"$19,859,000","$3,135",$559,W 112TH ST LENOX AVE W 115TH ST FIFTH AVE,MANHATTAN,10,13,30,68,09,11/1/1954,1977/07/01-ATP 1,,,
NY005010760,076,076,221,221,NY005021,LA GUARDIA,FEDERAL,CONVENTIONAL,NEW CONST,,"1,091","1,094","5,097.5",4.67,0,"2,458","2,458",488,45.0%,9,0,9,16,"469,672",10.78,"415,455",9.54,"63,621","8,909,852",13.55%,228,"$17,157,591","$3,356",$585,RUTGERS ST MADISON ST MONTGOMERY ST CHERRY ST,MANHATTAN,3,7,26,65,01,8/8/1957,,,,
NY005010760,152,076,262,221,NY005061,LA GUARDIA ADDITION,FEDERAL,CONVENTIONAL,NEW CONST (ELD),,149,150,491.5,3.30,0,193,193,142,95.3%,1,0,1,16,"26,052",0.60,"26,052",0.60,"5,618","914,382",21.56%,322,"$2,876,132","$5,645",$297,CHERRY ST MADISON ST RUTGERS ST MONTGOMERY ST,MANHATTAN,3,7,26,65,01,8/31/1965,,EXCLUSIVELY,,
NY005001010,101,101,238,238,NY005033,LEHMAN VILLAGE,FEDERAL,CONVENTIONAL,NEW CONST,,617,622,"2,893.5",4.69,0,"1,477","1,477",237,38.5%,4,1,5,20,"177,426",4.07,"177,426",4.07,"28,904","5,367,611",16.29%,363,"$11,549,370","$3,959",$558,MADISON AVE PARK AVE E 106TH ST E 110TH ST,MANHATTAN,11,13,30,68,08,11/30/1963,,,,
NY005010620,050,062,374,217,NY005183C,LEXINGTON,FEDERAL,CONVENTIONAL,NEW CONST,,448,448,"1,901.0",4.24,0,817,817,209,47.1%,4,0,4,14,"151,467",3.48,"151,467",3.48,"35,222","3,879,000",23.25%,235,"$4,780,152","$2,515",$548,E 98TH ST THIRD AVE E 99TH ST PARK AVE,MANHATTAN,11,13,30,68,05,3/16/1951,1972/06/29-FED TRAN,,,
NY005000200,020,020,513,513,NY005213E,LINCOLN,FEDERAL,CONVENTIONAL,NEW CONST,,"1,280","1,286","6,099.0",4.76,0,"2,986","2,986",429,33.9%,14,0,20,6-14,"551,740",12.67,"508,561",11.67,"106,738","10,743,035",19.35%,236,"$14,324,000","$2,358",$517,E 132ND ST E 135TH ST FIFTH AVE PARK AVE,MANHATTAN,11,13,30,70,09,12/29/1948,1977/07/01-ATP 1,,,
NY005011000,326,100,784,784,NY005259,LOWER EAST SIDE I INFILL,FEDERAL,TURNKEY,NEW CONST,,189,189,777.5,4.11,0,361,361,105,56.8%,5,0,15,4-9,"86,078",1.98,"86,078",1.98,"37,227","1,657,278",43.25%,182,"$14,369,576","$18,482",$512,DELANCEY ST RIVINGTON ST FORSYTHE ST ELDRIDGE ST,MANHATTAN,3,7,26,65,01,6/1/1988,,PARTIALLY,YES,
NY005012920,337,337,783,555,NY005262,LOWER EAST SIDE II,FEDERAL,TURNKEY,NEW CONST,,188,188,848.0,4.51,0,433,433,74,40.0%,4,1,32,3,"167,568",3.85,"167,568",3.85,"59,808","1,622,292",35.69%,112,"$14,709,271","$17,346",$554,E 4TH & 5TH STS E 6TH ST AVENUES B & C AVENUE D,MANHATTAN,3,12,26,74,02,11/1/1988,,,YES,
NY005013590,364,359,548,840,NY005215,LOWER EAST SIDE III,FEDERAL,TURNKEY,NEW CONST,,56,56,280.0,5.00,0,173,173,15,26.8%,2,1,3,4,"42,733",0.98,"42,733",0.98,"22,801","596,573",53.36%,177,"$7,324,340","$26,158",$705,E 9TH ST AVENUE D E 8TH ST AVENUE C,MANHATTAN,3,12,27,74,02,4/30/1997,,,YES,YES
NY005012920,292,337,555,555,NY005233,LOWER EAST SIDE REHAB (GROUP 5),FEDERAL,TURNKEY,REHAB,,55,55,229.5,4.17,0,119,119,17,30.9%,2,0,2,6,"17,872",0.41,"17,872",0.41,"10,275","490,400",57.49%,290,"$4,322,735","$18,795",$643,AVENUE C E 6TH ST E 7TH ST,MANHATTAN,3,12,27,74,02,12/1/1986,,,YES,
NY005020810,081,081,429,429,NY005378,MANHATTANVILLE,MIXED FINANCE/LLC1,CONVENTIONAL,NEW CONST,204,"1,272","1,272","6,004.0",4.72,576,"2,405","2,981",494,39.5%,6,0,6,20,"538,367",12.36,"538,367",12.36,"83,754","11,967,873",15.56%,241,"$25,774,000","$4,306",$550,W 133RD ST BROADWAY AMSTERDAM AVE W 129TH ST,MANHATTAN,9,13,"30, 31",70,07,6/30/1961,,,,
NY005010810,296,081,557,558,NY005235,MANHATTANVILLE REHAB (GROUP 2),FEDERAL,CONVENTIONAL,REHAB,,46,46,187.0,4.07,0,87,87,21,45.7%,3,0,3,5-6,"11,843",0.27,"11,843",0.27,"8,099","434,570",68.39%,322,"$6,002,000","$32,096",$599,BROADWAY W 134TH ST AMSTERDAM AVE W 135TH ST,MANHATTAN,9,13,31,70,07,11/1/1988,,,YES,
NY005010810,297,081,558,558,NY005236,MANHATTANVILLE REHAB (GROUP 3),FEDERAL,CONVENTIONAL,REHAB,,51,51,220.5,4.32,0,115,115,17,33.3%,2,0,2,5-6,"13,988",0.32,"13,988",0.32,"9,930","547,624",70.99%,359,"$3,652,758","$16,603",$453,BROADWAY W 133RD ST AMSTERDAM AVE W 134TH ST,MANHATTAN,9,13,31,70,07,9/30/1983,,,YES,
NY005010030,344,003,754,754,NY005265,MARSHALL PLAZA,FEDERAL,TURNKEY,NEW CONST (ELD),,180,180,630.0,3.50,0,207,207,154,89.0%,1,0,1,13,"20,083",0.46,"20,083",0.46,"10,354","1,181,481",51.56%,450,"$12,233,985","$19,419",$307,BROADWAY W 158TH ST AMSTERDAM AVE W 157TH ST,MANHATTAN,12,13,31,71,07,6/30/1986,,EXCLUSIVELY,YES,
NY005011000,183,100,286,237,NY005085,MELTZER TOWER,FEDERAL,CONVENTIONAL,NEW CONST (ELD),,229,231,686.5,3.00,0,247,247,199,89.6%,1,0,1,20,"50,180",1.15,"50,180",1.15,"6,910","1,316,253",13.77%,215,"$5,622,697","$7,487",$290,E 1ST ST FIRST AVE E 2ND ST AVENUE A,MANHATTAN,3,12,26,65,02,8/31/1971,,EXCLUSIVELY,,
NY005010090,181,112,284,284,NY005092,METRO NORTH PLAZA,FEDERAL,CONVENTIONAL,NEW CONST,,271,275,"1,301.5",4.80,0,643,643,112,41.6%,3,0,3,7-8-11,"99,827",2.29,"99,827",2.29,"34,752","2,668,090",34.81%,281,"$6,733,865","$5,105",$574,E 101ST ST FIRST AVE E 102ND ST SECOND AVE,MANHATTAN,11,13,29,68,08,8/31/1971,,,,
NY005012410,277,241,504,346,NY005200,MORRIS PARK SENIOR CITIZENS HOME,FEDERAL,CONVENTIONAL,REHAB (ELD),,97,97,296.5,3.06,0,103,103,83,86.5%,1,0,1,9,"10,000",0.23,"10,000",0.23,"6,491","561,310",64.91%,448,"$1,989,852","$6,337",$302,E 124TH ST MADISON AVE FIFTH AVE,MANHATTAN,11,13,30,68,09,4/30/1977,,EXCLUSIVELY,YES,
NY005012410,204,241,321,346,NY005127,"PARK AVENUE-EAST 122ND, 123RD STREETS",FEDERAL,TURNKEY,NEW CONST,,90,90,419.0,4.66,0,205,205,37,42.0%,2,1,2,6,"32,127",0.74,"32,127",0.74,"14,614","950,094",45.49%,277,"$2,101,938","$5,017",$542,E 122ND ST PARK AVE E 123RD ST LEXINGTON AVE,MANHATTAN,11,13,30,68,09,3/31/1970,,,,
NY005001490,149,149,260,260,NY005062,POLO GROUNDS TOWERS,FEDERAL,CONVENTIONAL,NEW CONST,,"1,614","1,614","7,682.0",4.76,0,"3,941","3,941",581,36.5%,4,4,12,30,"659,780",15.15,"659,780",15.15,"83,689","14,904,498",12.68%,260,"$32,292,784","$4,190",$545,DOUGLASS BLVD W 155TH ST HARLEM RIVER DR,MANHATTAN,10,13,30,71,09,6/30/1968,,,,
NY005011110,340,111,774,774,NY005260,PUBLIC SCHOOL 139 (CONVERSION),FEDERAL,TURNKEY,REHAB (ELD),,125,125,423.5,3.39,0,140,140,100,81.3%,1,0,2,5,"64,945",1.49,"64,945",1.49,"26,325","2,943,660",40.53%,94,"$7,898,759","$18,348",$393,"W 139,140TH STS POWELL BLVD LENOX AVE",MANHATTAN,10,13,30,70,09,10/8/1986,,EXCLUSIVELY,YES,
NY005000370,037,037,317,317,NY005114E,RANGEL,FEDERAL,CONVENTIONAL,NEW CONST,,982,984,"4,515.0",4.60,0,"2,141","2,141",339,35.7%,8,0,9,14,"475,672",10.92,"475,672",10.92,"71,671","7,911,809",15.07%,196,"$10,613,000","$2,373",$573,HARLEM RIVER DR POLO GROUNDS TOWERS HARLEM RIVER DRIVEWAY,MANHATTAN,10,13,30,71,09,10/8/1951,1968/08/29-FED TRAN,,,
NY005013170,515,359,"255 - BLDGS 2-4, 299 - BLDG 1",255,"NY005076A - BLDG 3-4, NY005076B - BLDGS 2, NY005076C - BLDG 1",REHAB PROGRAM (DOUGLASS REHABS),FEDERAL,CONVENTIONAL,REHAB,,112,112,413.0,3.69,0,182,182,43,38.4%,4,0,9,3-6-7,"24,462",0.56,"24,462",0.56,"16,326","1,247,684",66.74%,325,,,$543,W 104TH ST BROADWAY W 101ST ST WEST END AVE,MANHATTAN,7,10,31,69,06,1/31/1964,,,,YES
NY005013170,516,359,"295 - BLDG 1, 293 - BLDGS 2,3 292 - BLDG 4",295,"NY005076G - BLDG 1, NY005076I - BLDG 2, 3,  NY005076J - BLDG 4",REHAB PROGRAM (TAFT REHABS),FEDERAL,CONVENTIONAL,REHAB,,156,156,602.0,3.86,0,290,290,44,28.4%,4,0,4,7,"27,171",0.62,"27,171",0.62,"22,914","1,809,773",84.33%,468,,,$540,SAINT NICHOLAS AVE W 119TH ST LENOX AVE W 112TH ST,MANHATTAN,10,13,30,70,09,1/31/1964,,,,YES
NY005011270,517,127,298,259,NY005076D,REHAB PROGRAM (WISE REHAB),FEDERAL,CONVENTIONAL,REHAB,,40,40,159.0,3.98,0,67,67,18,45.0%,1,0,1,5,"10,071",0.23,"10,071",0.23,"7,367","472,901",73.15%,291,,,$628,COLUMBUS AVE W 94TH ST CENTRAL PARK WEST W 93RD ST,MANHATTAN,7,10,30,69,06,1/31/1964,,,,
NY005010180,018,018,210,210,NY005008,RIIS,FEDERAL,CONVENTIONAL,NEW CONST,,"1,191","1,191","5,666.5",4.76,0,"2,715","2,715",464,39.8%,13,0,18,6-13-14,"510,926",11.73,"510,926",11.73,"103,446","9,657,260",20.25%,231,"$13,510,289","$2,411",$595,FDR DR AVENUE D E 8TH ST E 13TH ST,MANHATTAN,3,7,27,74,02,1/17/1949,,,,
NY005010180,019,018,372,210,NY005181D,RIIS II,FEDERAL,CONVENTIONAL,NEW CONST,,577,578,"2,720.5",4.71,0,"1,271","1,271",244,42.6%,6,0,8,6-13-14,"258,562",5.94,"258,562",5.94,"43,916","4,497,120",16.98%,214,"$6,339,520","$2,344",$542,FDR DR AVENUE D EAST 6TH ST EAST 8TH ST,MANHATTAN,3,7,27,74,02,1/31/1949,1972/06/29-FED TRAN,,,
NY005011390,218,139,329,253,NY005151,ROBBINS PLAZA,FEDERAL,CONVENTIONAL,NEW CONST (ELD),,150,150,470.0,3.13,0,160,160,136,91.9%,1,0,1,20,"12,553",0.29,"12,553",0.29,"6,773","974,866",53.96%,552,"$4,855,905","$9,568",$340,E 70TH ST FIRST AVE E 71ST ST SECOND AVE,MANHATTAN,8,12,28,76,05,2/28/1975,,EXCLUSIVELY,,
NY005012410,241,241,346,346,NY005173,ROBINSON,FEDERAL,TURNKEY,NEW CONST,,188,189,834.0,4.44,0,421,421,70,37.6%,1,0,2,8,"64,945",1.49,"64,945",1.49,"22,776","1,802,766",35.07%,283,"$5,990,000","$7,068",$565,E 128TH ST E 129TH ST LEXINGTON AVE PARK AVE,MANHATTAN,11,13,30,68,09,5/31/1973,,,,
NY005020990,099,099,439,439,NY005382,RUTGERS,MIXED FINANCE/LLC1,CONVENTIONAL,NEW CONST,102,721,721,"3,358.5",4.66,260,"1,325","1,585",343,48.0%,5,0,5,20,"227,341",5.22,"227,341",5.22,"39,355","5,936,573",17.31%,304,"$14,090,000","$4,277",$544,CHERRY ST PIKE ST MADISON ST RUTGERS ST,MANHATTAN,3,7,26,65,01,3/31/1965,,,,
NY005000380,038,038,211,211,NY005010,SAINT NICHOLAS,FEDERAL,CONVENTIONAL,NEW CONST,,"1,525","1,526","7,109.5",4.66,0,"3,426","3,426",533,35.8%,13,0,14,14,"680,670",15.63,"625,559",14.36,"105,458","13,112,212",15.49%,219,"$20,560,063","$2,891",$529,W 127TH ST DOUGLASS BLVD POWELL BLVD W 131ST ST,MANHATTAN,10,13,30,70,09,9/30/1954,,,,
NY005023770,377,377,650,650,NY005375,SAMUEL (CITY),MIXED FINANCE/LLC1,CONVENTIONAL,REHAB,105,664,664,"2,824.0",4.25,241,"1,171","1,412",173,26.5%,40,2,43,5-6-7,"201,872",4.63,"201,872",4.63,"116,528","7,142,241",57.72%,305,$0,,$660,LENOX AVE W 139TH ST W 147TH ST AC POWELL BLVD,MANHATTAN,10,13,30,"70, 71",09,8/31/1994,,,YES,
NY005013170,389,359,847,847,NY005335,SAMUEL (MHOP) I,MHOP,CONVENTIONAL,REHAB,,24,53,108.0,4.50,0,38,38,10,41.7%,5,0,5,5,"13,819",0.32,"13,819",0.32,"11,274","607,774",81.58%,119,"$4,630,200","$19,661",$800,W 139TH ST AC POWELL BLVD W 141ST ST LENOX AVE,MANHATTAN,10,13,30,70,09,1/31/1994,,,YES,YES
NY005013170,398,359,871,871,NY005345,SAMUEL (MHOP) II,MHOP,CONVENTIONAL,REHAB,,4,10,20.0,5.00,0,12,12,0,0.0%,1,0,1,5,"3,098",0.07,"3,098",0.07,"2,326","114,675",75.08%,171,"$967,700","$20,160","$1,036",AC POWELL BLVD W 139TH ST LENOX AVE,MANHATTAN,10,13,30,70,09,7/31/1993,,,YES,YES
NY005013170,399,359,483,483,NY005359,SAMUEL (MHOP) III,MHOP,CONVENTIONAL,REHAB,,1,10,4.5,4.50,0,3,3,0,0.0%,1,0,1,5,"5,396",0.12,"5,396",0.12,"1,599","114,675",29.63%,25,"$887,005","$20,159","$1,431",AC POWELL BLVD W 142ND ST LENOX AVE,MANHATTAN,10,13,30,71,09,6/30/1995,,,YES,YES
NY005011000,192,100,312,312,NY005100,SEWARD PARK EXTENSION,FEDERAL,CONVENTIONAL,NEW CONST,,360,360,"1,591.0",4.42,0,796,796,146,41.2%,2,2,5,23,"90,637",2.08,"90,637",2.08,"23,922","3,370,430",26.39%,383,"$11,871,465","$7,394",$511,BROOME ST NORFOLK ST GRAND ST ESSEX ST,MANHATTAN,3,12,26,65,01,10/31/1973,,,,
NY005000270,027,027,531,531,NY005220B,SMITH,FEDERAL,CONVENTIONAL,NEW CONST,,"1,934","1,935","8,988.0",4.65,0,"4,126","4,126",923,48.1%,12,0,12,17,"947,493",21.75,"806,175",18.51,"126,462","15,937,490",13.35%,190,"$29,083,000","$3,270",$551,MADISON ST CATHERINE ST SOUTH ST SAINT JAMES PL,MANHATTAN,3,7,26,65,01,4/27/1953,1978/07/01-ATP 3,,,
NY005013590,559,359,841,840,NY005326,STANTON STREET,FEDERAL,TURNKEY,NEW CONST,,13,13,66.5,5.12,0,35,35,2,15.4%,1,0,1,6,"5,000",0.11,"5,000",0.11,"3,600",,72.00%,318,"$4,561,538","$68,595",$468,ATTORNEY ST STANTON ST RIDGE ST,MANHATTAN,3,12,26,65,01,12/1/2003,,,YES,YES
NY005011530,153,153,263,263,NY005063,STRAUS,FEDERAL,CONVENTIONAL,NEW CONST,,267,267,"1,162.5",4.35,0,550,550,127,48.1%,2,0,2,19-20,"46,018",1.06,"46,018",1.06,"12,476","2,133,126",27.11%,519,"$5,442,401","$4,674",$564,THIRD AVE E 28TH ST SECOND AVE E 27TH ST,MANHATTAN,6,12,28,74,02,1/31/1965,,,,
NY005010970,097,097,261,261,NY005064,TAFT,FEDERAL,CONVENTIONAL,NEW CONST,,"1,463","1,470","6,597.5",4.51,0,"3,074","3,074",588,40.7%,9,1,19,19,"537,645",12.34,"537,645",12.34,"105,527","13,161,342",19.63%,249,"$28,867,029","$4,367",$539,E 112TH ST E 115TH ST PARK AVE FIFTH AVE,MANHATTAN,11,13,30,68,"08, 09",12/31/1962,,,,
NY005011270,268,127,387,259,NY005192,THOMAS APARTMENTS,FEDERAL,TURNKEY,NEW CONST (ELD),,87,87,304.5,3.50,0,96,96,75,87.2%,1,0,1,11,"9,410",0.22,"9,410",0.22,"6,641","652,000",70.57%,436,"$11,188,636","$36,744",$375,W 90TH ST AMSTERDAM AVE W 91ST ST COLUMBUS AVE,MANHATTAN,7,10,30,69,06,8/31/1994,,EXCLUSIVELY,YES,
NY005010760,266,076,389,221,NY005194,TWO BRIDGES URA (SITE 7),FEDERAL,TURNKEY,NEW CONST,,250,250,"1,251.0",5.00,0,622,622,107,42.8%,1,0,1,26,"31,735",0.73,"31,735",0.73,"13,314","2,613,000",41.95%,852,"$10,508,730","$8,414",$650,CLINTON ST SOUTH ST CHERRY ST MONTGOMERY ST,MANHATTAN,3,7,26,65,01,4/30/1975,,,,
NY005012410,343,241,757,760,NY005254,UPACA (SITE 5),FEDERAL,TURNKEY,NEW CONST (ELD),,179,200,626.5,3.50,0,204,204,147,84.0%,1,0,1,11,"63,577",1.46,"63,577",1.46,"14,325","1,434,170",22.53%,140,"$13,369,245","$19,099",$312,E 121ST ST LEXINGTON AVE E 120TH ST PARK AVE,MANHATTAN,11,13,30,68,09,7/3/1986,,EXCLUSIVELY,YES,
NY005012410,355,241,760,760,NY005281,UPACA (SITE 6),FEDERAL,TURNKEY,NEW CONST (ELD),,150,150,525.0,3.50,0,173,173,132,90.4%,1,0,1,12,"45,362",1.04,"45,362",1.04,"10,330","1,041,895",22.77%,166,"$10,240,710","$19,506",$313,E 119TH ST PARK AVE E 122ND ST LEXINGTON AVE,MANHATTAN,11,13,30,68,09,11/30/1987,,EXCLUSIVELY,YES,
NY005010060,006,006,204,204,NY005003,VLADECK,FEDERAL,CONVENTIONAL,NEW CONST,,"1,527","1,531","6,248.5",4.09,0,"2,894","2,894",711,47.1%,20,0,46,6,"566,414",13.00,"519,124",11.92,"171,144","10,617,265",30.22%,223,"$7,994,564","$1,276",$514,HENRY ST WATER ST GOUVERNEUR ST JACKSON ST,MANHATTAN,3,7,26,65,02,11/25/1940,,,,
NY005010060,007,006,371,204,NY005181B,VLADECK II,FEDERAL,CONVENTIONAL,NEW CONST,,240,240,"1,080.0",4.50,0,545,545,93,39.2%,4,0,8,6,"96,933",2.23,"96,933",2.23,"28,827","1,766,160",29.74%,244,"$1,269,490","$1,175",$545,MADISON ST CHERRY ST JACKSON ST,MANHATTAN,3,7,26,65,02,10/25/1940,1972/06/29-FED TRAN,,,
NY005010740,074,074,224,224,NY005024,WAGNER,FEDERAL,CONVENTIONAL,NEW CONST,,"2,151","2,162","10,068.5",4.68,0,"4,814","4,814",875,40.9%,22,1,22,7-16,"1,172,233",26.91,"1,083,783",24.88,"150,639","16,837,094",12.85%,179,"$32,794,423","$3,238",$536,E 120TH ST SECOND AVE E 124TH ST FDR DRIVE,MANHATTAN,11,13,30,68,08,6/12/1958,,,,
NY005000230,023,023,511,511,NY005213C,WALD,FEDERAL,CONVENTIONAL,NEW CONST,,"1,861","1,861","8,767.5",4.71,0,"3,985","3,985",785,42.5%,16,2,19,11-14,"717,071",16.46,"694,013",15.93,"133,117","14,691,881",18.56%,242,"$22,094,000","$2,561",$564,FDR DRIVE AVENUE D E 6TH ST E HOUSTON ST,MANHATTAN,3,7,26,74,02,10/14/1949,1977/07/01-ATP 1,,,
NY005010620,062,062,217,217,NY005014,WASHINGTON,FEDERAL,CONVENTIONAL,NEW CONST,,"1,515","1,515","7,053.5",4.66,0,"3,416","3,416",590,39.4%,14,1,18,"2, 12-14","906,988",20.82,"822,228",18.88,"124,916","12,618,161",13.77%,164,"$23,677,092","$3,357",$563,E 104TH ST SECOND AVE E 97TH ST THIRD AVE,MANHATTAN,11,13,29,68,08,9/20/1957,,,,
NY005013090,293,309,563,341,NY005221,WASHINGTON HEIGHTS REHAB (GROUPS 1&2),FEDERAL,CONVENTIONAL,REHAB,,215,216,915.5,4.26,0,406,406,103,48.8%,5,0,6,5-6,"57,544",1.32,"57,544",1.32,"40,754","2,421,442",70.82%,308,"$22,610,848","$24,631",$484,W 176TH ST AMSTERDAM AVE W 177TH ST AUDUBON AVE,MANHATTAN,12,13,31,72,10,5/1/1988,,,YES,
NY005013090,523,309,756,341,NY005284B,WASHINGTON HEIGHTS REHAB PHASE III (FORT WASHINGTON),FEDERAL,TURNKEY,REHAB,,88,88,391.0,4.44,0,174,174,31,36.0%,7,0,7,5,"25,086",0.58,"25,086",0.58,"18,156","1,113,273",72.38%,300,"$6,178,887","$15,823",$536,W 163RD ST W 164TH ST W 165TH ST AMSTERDAM AVE,MANHATTAN,12,13,31,"71, 72","07, 10",11/30/1987,,,,
NY005010030,329,003,382,754,NY005284A,WASHINGTON HEIGHTS REHAB PHASE III (HARLEM RIVER),FEDERAL,TURNKEY,REHAB,,14,14,63.0,4.50,0,30,30,5,35.7%,1,0,1,5,"3,946",0.09,"3,946",0.09,"3,393","179,577",85.99%,333,"$996,698","$15,821",$513,W 156TH ST BROADWAY AMSTERDAM AVE,MANHATTAN,12,13,31,71,07,11/30/1987,,,,
NY005013090,330,309,788,341,NY005228,WASHINGTON HEIGHTS REHAB PHASE IV (C),FEDERAL,CONVENTIONAL,REHAB,,32,32,129.0,4.03,0,67,67,16,51.6%,2,0,2,5,"8,593",0.20,"8,593",0.20,"6,012","323,625",69.96%,335,"$3,052,119","$23,660",$478,W 176TH ST AMSTERDAM AVE W 177TH ST AUDUBON AVE,MANHATTAN,12,13,31,72,10,10/1/1990,,,YES,
NY005013090,331,309,789,341,NY005229,WASHINGTON HEIGHTS REHAB PHASE IV (D),FEDERAL,CONVENTIONAL,REHAB,,32,32,132.0,4.13,0,60,60,15,46.9%,2,0,2,5,"8,743",0.20,"8,743",0.20,"6,127","329,815",70.08%,300,"$3,007,393","$22,783",$508,W 176TH ST AMSTERDAM AVE AUDUBON AVE,MANHATTAN,12,13,31,72,10,7/1/1990,,,YES,
NY005010090,124,112,572,539,NY005244E,WHITE,FEDERAL,CONVENTIONAL,NEW CONST (ELD),,246,248,733.0,2.98,0,270,270,220,89.8%,1,0,1,20,"35,321",0.81,"35,321",0.81,"23,400","1,778,327",66.25%,333,"$4,305,000","$5,794",$304,E 104TH ST SECOND AVE,MANHATTAN,11,13,29,68,08,9/30/1964,1979/08/01-ATP 4,EXCLUSIVELY,,
NY005010090,112,112,539,539,NY005220J,WILSON,FEDERAL,CONVENTIONAL,NEW CONST,,398,398,"2,225.0",5.59,0,"1,250","1,250",104,26.7%,3,0,3,20,"133,188",3.06,"133,188",3.06,"22,499","3,961,200",16.89%,408,"$7,162,000","$3,219",$645,FDR DRIVE E 105TH ST FIRST AVE E 106TH ST,MANHATTAN,11,13,30,68,08,6/30/1961,1978/07/01-ATP 3,,,
NY005021270,127,127,445,445,NY005386,WISE TOWERS,MIXED FINANCE/LLC2,CONVENTIONAL,NEW CONST,104,397,399,"1,739.5",4.38,227,523,750,168,43.8%,2,1,5,19,"100,247",2.30,"100,247",2.30,"34,702","3,685,586",34.62%,326,"$7,774,000","$4,441",$555,W 90TH ST W 91ST ST COLUMBUS AVE AMSTERDAM AVE,MANHATTAN,7,10,30,69,06,1/31/1965,,,,
NY005011270,178,127,279,259,NY005052K,WSUR (BROWNSTONES),FEDERAL,CONVENTIONAL,REHAB,,236,236,784.0,3.32,0,329,329,103,45.0%,36,0,36,3-4-6,"67,637",1.55,"67,637",1.55,"41,422","2,308,080",61.24%,212,"$4,190,975","$4,936",$501,W 89TH & 90TH STS 91ST & 93RD STS COLUMBUS AVE CENTRAL PARK WEST,MANHATTAN,7,10,30,69,06,6/30/1968,,,,
NY005011270,151,127,259,259,NY005056,WSUR (SITE A) 120 WEST 94TH STREET,FEDERAL,CONVENTIONAL,NEW CONST,,69,70,300.5,4.36,0,145,145,19,27.5%,1,0,1,9,"22,763",0.52,"22,763",0.52,"6,811","613,400",29.92%,279,,,$671,120 W 94TH ST AMSTERDAM AVE,MANHATTAN,7,10,30,69,06,9/30/1965,,,,
NY005011270,173,127,259,259,NY005056,WSUR (SITE B) 74 WEST 92ND STREET,FEDERAL,CONVENTIONAL,NEW CONST,,168,168,735.0,4.38,0,318,318,77,47.5%,1,0,1,22,"25,176",0.58,"25,176",0.58,"13,176","1,575,535",52.34%,548,"$7,228,361","$4,167",$512,74 W 92ND ST COLUMBUS AVE,MANHATTAN,7,10,30,69,06,9/30/1965,,,,
NY005011270,174,127,259,259,NY005056,WSUR (SITE C) 589 AMSTERDAM AVENUE,FEDERAL,CONVENTIONAL,NEW CONST,,158,158,690.0,4.37,0,348,348,61,39.6%,1,0,1,18,"25,131",0.58,"25,131",0.58,"7,891","1,363,220",31.40%,600,,,$558,589 AMSTERDAM AVE W 88TH ST W 89TH ST,MANHATTAN,7,10,29,69,06,9/30/1965,,,,
NY005000260,026,026,517,517,NY005213I,ASTORIA,FEDERAL,CONVENTIONAL,NEW CONST,,"1,104","1,104","5,607.0",5.08,,"3,032","3,032",366,33.3%,22,1,22,6-7,"1,406,832",32.30,"1,151,484",26.43,"173,434","10,826,559",12.33%,94,"$14,122,000","$2,519",$593,27TH AVE 8TH ST HALLET’S COVE EAST RIVER,QUEENS,1,12,12,37,22,11/9/1951,1977/07/01-ATP 1,,,
NY005010910,091,091,240,240,NY005038,BAISLEY PARK,FEDERAL,CONVENTIONAL,NEW CONST,,381,386,"1,779.5",4.67,,947,947,143,37.7%,5,1,8,8,"325,713",7.48,"325,713",7.48,"54,504","3,529,560",16.73%,127,"$5,856,304","$3,246",$548,LIRR FOCH BLVD 116TH AVE GUY BREWER BLVD,QUEENS,12,5,"10, 14",32,28,4/30/1961,,,,
NY005001650,165,165,282,282,NY005086,BEACH 41ST STREET-BEACH CHANNEL DRIVE,FEDERAL,CONVENTIONAL,NEW CONST,,712,712,"3,106.0",4.36,,"1,622","1,622",233,33.5%,4,1,7,13,"580,000",13.31,"580,000",13.31,"66,756","6,385,727",11.51%,122,"$24,811,000","$7,988",$470,B 38TH ST B 41ST ST NORTON AVE B CHANNEL DR,QUEENS,14,5,10,31,31,11/30/1973,,,,
NY005011860,054,186,519,519,NY005213K,BLAND,FEDERAL,CONVENTIONAL,NEW CONST,,399,400,"1,850.5",4.64,,863,863,167,42.3%,5,0,5,10,"269,800",6.19,"245,785",5.64,"43,237","3,668,503",16.03%,139,"$5,925,000","$3,205",$585,ROOSEVELT AVE PRINCE ST COLLEGE POINT BLVD LIRR,QUEENS,7,6,11,40,20,5/8/1952,1977/07/01-ATP 1,,,
NY005010750,164,075,270,226,NY005073,CARLETON MANOR,FEDERAL,CONVENTIONAL,NEW CONST,,169,174,728.5,4.31,,357,357,53,31.5%,1,0,1,11,"145,011",3.33,"145,011",3.33,"14,051","1,386,194",9.69%,107,"$3,373,126","$4,498",$506,ROCKAWAY FRWY BEACH CHANNEL DR,QUEENS,14,5,10,31,31,3/31/1967,,,,
NY005010910,232,091,347,240,NY005137,CONLON LIHFE TOWER,FEDERAL,TURNKEY,NEW CONST (ELD),,214,216,701.0,3.28,,240,240,192,91.0%,1,0,1,13,"51,873",1.19,"51,873",1.19,"11,294","1,325,412",21.77%,202,"$5,835,896","$7,973",$352,170TH ST 172ND ST JAMAICA AVE 93RD AVE,QUEENS,12,5,14,29,27,3/31/1973,,EXCLUSIVELY,,
NY005010750,075,075,226,226,NY005027,HAMMEL,FEDERAL,CONVENTIONAL,NEW CONST,,710,712,"3,296.0",4.64,,"1,790","1,790",212,30.2%,14,0,14,7,"616,678",14.16,"572,678",13.15,"107,706","5,991,153",17.47%,126,"$9,618,901","$2,909",$453,B 86TH ST HAMMELS BLVD B 81ST ST ROCKAWAY BCH BLVD,QUEENS,14,5,10,31,31,4/20/1955,,,,
NY005010910,316,091,296,296,NY005241,INTERNATIONAL TOWER,FEDERAL,TURNKEY,NEW CONST (ELD),,146,159,520.0,3.56,,179,179,131,90.3%,1,0,1,10,"42,500",0.98,"42,500",0.98,"12,689","1,126,314",29.86%,183,"$10,992,764","$19,269",$383,170TH ST 90TH AVE 169TH ST JAMAICA AVE,QUEENS,12,5,14,29,27,5/31/1983,,EXCLUSIVELY,YES,
NY005011860,186,186,290,290,NY005093,LATIMER GARDENS,FEDERAL,CONVENTIONAL,NEW CONST,,423,423,"1,708.5",4.04,,792,792,217,51.3%,4,0,4,10,"167,134",3.84,"167,134",3.84,"40,077","3,430,247",23.98%,206,"$9,310,959","$5,442",$526,"34TH, 35TH AVES LINDEN PL LEAVITT ST 137TH ST",QUEENS,7,6,11,40,20,9/30/1970,,,,
NY005011860,201,186,386,290,NY005191,LEAVITT STREET-34TH AVENUE,FEDERAL,TURNKEY,NEW CONST (ELD),,83,83,272.5,3.28,,104,104,76,91.6%,1,0,1,6,"20,013",0.46,"20,013",0.46,"8,465","571,608",42.30%,226,"$2,606,744","$9,244",$309,LEAVITT ST UNION ST 34TH AVE 34TH RD,QUEENS,7,6,11,40,20,10/31/1974,,EXCLUSIVELY,,
NY005010980,051,165,573,571,NY005244F,OCEAN BAY APARTMENTS (OCEANSIDE),FEDERAL,CONVENTIONAL,NEW CONST,,417,418,"1,766.5",4.24,,837,837,140,34.0%,7,0,14,6,"354,220",8.13,"310,500",7.13,"66,101","3,931,321",18.66%,103,"$5,137,275","$2,901",$548,ARVERNE BLVD B 56TH ST BEACH CHANNEL DR B 54TH ST,QUEENS,14,5,10,31,31,2/28/1951,1979/08/01-ATP 4,,,
NY005000530,053,053,588,588,NY005271C,POMONOK,FEDERAL,CONVENTIONAL,NEW CONST,,"2,069","2,071","8,838.5",4.27,,"4,219","4,219",839,40.9%,35,0,121,3-7-8,"2,238,984",51.40,"2,083,475",47.83,"369,627","19,315,843",16.51%,82,"$21,645,342","$2,446",$563,71ST AVE PARSONS BLVD KISSENA BLVD 65TH AVE,QUEENS,8,6,16,27,24,6/30/1952,1980/10/01-ATP 7,,,
NY005005050,505,505,398,398,NY005002B,QUEENSBRIDGE NORTH,FEDERAL,CONVENTIONAL,NEW CONST,,"1,542","1,543","6,337.0",4.11,,"3,129","3,129",582,38.2%,13,1,48,6,"886,643",20.35,"689,843",15.84,"191,356","11,314,111",21.58%,154,"$6,466,805","$1,010",$556,41ST AVE VERNON BLVD 40TH AVE 21ST ST,QUEENS,1,12,12,37,26,3/15/1940,,,,
NY005000050,005,005,843,843,NY005002A,QUEENSBRIDGE SOUTH,FEDERAL,CONVENTIONAL,NEW CONST,,"1,603","1,604","6,625.5",4.13,,"3,284","3,284",610,38.7%,13,2,50,6,"1,268,298",29.12,"820,525",18.84,"198,609","11,742,973",15.66%,113,"$7,054,601","$1,057",$521,41ST AVE VERNON BLVD 41ST RD 21ST ST,QUEENS,1,12,12,37,26,3/15/1940,,,,
NY005000480,048,048,369,369,NY005184,RAVENSWOOD,FEDERAL,CONVENTIONAL,NEW CONST,,"2,164","2,166","9,134.0",4.22,,"4,278","4,278",871,40.6%,31,0,45,6-7,"1,667,814",38.29,"1,537,135",35.29,"346,053","18,107,100",20.75%,112,"$21,403,996","$2,342",$588,12TH ST 34TH AVE 24TH ST 36TH AVE,QUEENS,1,12,12,37,26,7/19/1951,1971/06/29-FED TRAN,,,
NY005000550,055,055,525,525,NY005216D,REDFERN,FEDERAL,CONVENTIONAL,NEW CONST,,599,604,"2,908.5",4.86,,"1,573","1,573",185,31.5%,9,0,16,6-7,"817,865",18.78,"726,038",16.67,"95,461","5,602,438",11.67%,84,"$9,334,000","$3,186",$506,REDFERN AVE HASSOCK ST BEACH CHANNEL DR B 12TH ST,QUEENS,14,5,10,31,31,8/28/1959,1978/02/01-ATP 2,,,
NY005011860,143,186,297,290,NY005076E,REHAB PROGRAM (COLLEGE POINT),FEDERAL,CONVENTIONAL,REHAB (ELD),,13,13,32.5,2.50,,13,13,12,92.3%,1,0,1,1,"15,000",0.34,"15,000",0.34,"9,320","115,995",62.13%,38,"$5,909,934","$4,821",$235,125TH ST 22ND AVE 126TH ST,QUEENS,7,14,11,27,19,1/31/1964,,EXCLUSIVELY,,
NY005010910,279,091,505,240,NY005203,SHELTON HOUSE,FEDERAL,CONVENTIONAL,REHAB (ELD),,153,155,475.5,3.11,,164,164,138,92.0%,1,0,1,12,"21,844",0.50,"21,844",0.50,"14,991","1,287,831",68.63%,328,"$3,615,000","$7,061",$325,162ND ST 89TH AVE 163RD ST JAMAICA AVE,QUEENS,12,5,14,32,24,10/31/1978,,EXCLUSIVELY,YES,
NY005010080,008,008,206,206,NY005004,SOUTH JAMAICA I,FEDERAL,CONVENTIONAL,NEW CONST,,448,448,"1,797.0",4.01,,841,841,144,33.9%,11,1,33,3-4,"392,989",9.02,"392,989",9.02,"82,310","2,940,659",20.94%,93,"$2,117,392","$1,182",$515,158TH ST SOUTH RD 160TH ST 109TH AVE,QUEENS,12,5,"10, 14",32,28,8/1/1940,,,,
NY005010080,066,008,220,206,NY005018,SOUTH JAMAICA II,FEDERAL,CONVENTIONAL,NEW CONST,,598,600,"2,811.0",4.70,,"1,449","1,449",166,28.3%,16,0,27,3-7,"579,217",13.30,"579,217",13.36,"116,506","5,268,542",20.11%,109,"$8,541,145","$3,030",$592,SOUTH RD 160TH ST BRINKERHOFF AVE 158TH ST,QUEENS,12,5,"10, 14",32,28,10/25/1954,,,,
NY005000330,033,033,316,316,NY005114D,WOODSIDE,FEDERAL,CONVENTIONAL,NEW CONST,,"1,355","1,357","6,321.5",4.67,,"2,858","2,858",537,40.2%,20,0,55,6,"971,398",22.30,"971,398",22.30,"186,009","10,715,226",19.15%,128,"$13,777,000","$2,251",$594,49TH ST 51ST ST 31ST AVE NEWTOWN RD,QUEENS,1,14,13,30,26,12/30/1949,1968/08/29-FED TRAN,,,
NY005000520,052,052,587,587,NY005271B,BERRY,FEDERAL,CONVENTIONAL,NEW CONST,,506,506,"2,129.0",4.21,,944,944,220,43.9%,8,1,17,6,"604,913",13.89,"511,178",11.74,"77,152","4,520,277",12.75%,68,"$5,929,376","$2,785",$511,RICHMOND RD DONGAN HILLS AVE SEAVER AVE JEFFERSON ST,STATEN ISLAND,2,11,24,63,50,10/27/1950,1980/10/01-ATP 7,,,
NY005011170,206,117,319,241,NY005122,CASSIDY-LAFAYETTE,FEDERAL,TURNKEY,NEW CONST (ELD),,378,380,"1,248.0",3.30,,439,439,323,87.8%,4,1,5,6,"224,294",5.15,"224,294",5.15,"54,589","2,858,593",24.34%,85,"$6,866,904","$5,315",$323,CASSIDY PL FILLMORE ST LAFAYETTE AVE CLINTON AVE,STATEN ISLAND,1,11,23,61,49,9/30/1971,,EXCLUSIVELY,,
NY005000770,077,077,228,228,NY005020,MARINER’S HARBOR,FEDERAL,CONVENTIONAL,NEW CONST,,606,607,"2,853.0",4.71,,"1,515","1,515",146,24.3%,22,0,32,3-6,"947,622",21.75,"816,256",18.74,"124,890","5,691,790",13.18%,70,"$8,072,855","$2,826",$488,GRAND VIEW AVE ROXBURY ST LOCKMAN AVE CONTINENTAL PL,STATEN ISLAND,1,11,23,63,49,9/3/1954,,,,
NY005010350,314,035,306,306,NY005242,NEW LANE AREA,FEDERAL,TURNKEY,NEW CONST (ELD),,276,277,996.0,3.61,,348,348,244,89.1%,1,0,2,10,"120,879",2.78,"120,879",2.78,"29,107","2,204,124",24.08%,125,"$18,511,313","$18,493",$327,LINDEN PL NEW LANE WATER FRONT TRACT,STATEN ISLAND,1,11,23,64,49,7/12/1984,,EXCLUSIVELY,YES,
NY005011170,117,117,241,241,NY005039,RICHMOND TERRACE,FEDERAL,CONVENTIONAL,NEW CONST,,488,489,"2,308.0",4.73,,"1,269","1,269",137,28.4%,6,1,7,8,"464,184",10.66,"440,715",10.12,"57,285","4,498,022",12.34%,119,"$9,551,430","$4,129",$530,JERSEY ST RICHMOND TERR CRESCENT AVE,STATEN ISLAND,1,11,23,61,49,4/30/1964,,,,
NY005010350,035,035,315,315,NY005114C,SOUTH BEACH,FEDERAL,CONVENTIONAL,NEW CONST,,421,422,"1,936.5",4.60,,891,891,183,44.1%,8,0,15,6,"708,283",16.26,"638,737",14.66,"68,084","3,921,651",9.61%,55,"$5,377,000","$2,795",$479,KRAMER ST LAMPORT BLVD REID AVE PARKINSON AVE,STATEN ISLAND,2,11,23,64,50,3/20/1950,1968/08/29-FED TRAN,,,
NY005021140,114,114,436,436,NY005383,STAPLETON,MIXED FINANCE/LLC1,CONVENTIONAL,NEW CONST,125,693,693,"3,358.5",4.85,355,"1,711","2,066",202,30.6%,6,1,12,"1, 8","734,857",16.87,"611,147",14.03,"76,976","6,441,281",10.47%,122,"$12,271,000","$3,654",$521,BROAD & HILL STS TOMPKINS AVE WARREN ST GORDON ST,STATEN ISLAND,1,11,23,61,49,5/31/1962,,,,
NY005000520,042,042,583,583,NY005268A,TODT HILL,FEDERAL,CONVENTIONAL,NEW CONST,,502,502,"2,174.0",4.33,,"1,005","1,005",190,38.4%,7,0,14,6,"581,056",13.34,"532,084",12.21,"79,116","4,454,900",13.62%,75,"$6,509,155","$2,994",$579,MANOR RD SCHMIDTS LA LAGUARDIA AVE WESTWOOD AVE,STATEN ISLAND,2,11,24,63,49,6/1/1950,1980/07/01-ATP 6,,,
NY005010130,116,116,242,209,NY005040,WEST BRIGHTON I,FEDERAL,CONVENTIONAL,NEW CONST,,487,490,"2,338.5",4.80,,"1,377","1,377",135,27.8%,8,1,9,8,"367,961",8.45,"367,961",8.45,"65,839","4,850,947",17.89%,163,"$9,893,117","$4,204",$543,CASTLETON AVE HENDERSON AVE ALASKA ST BROADWAY,STATEN ISLAND,1,11,23,61,49,12/31/1962,,,,
NY005010130,175,116,242,209,NY005040,WEST BRIGHTON II,FEDERAL,CONVENTIONAL,NEW CONST (ELD),,120,144,382.0,3.18,,99,99,74,89.2%,8,0,8,1,"181,770",4.17,"181,770",4.17,"67,228","758,927",36.99%,24,"$2,825,000","$6,036",$339,CASTLETON AVE ALASKA ST BROADWAY,STATEN ISLAND,1,11,23,61,49,12/31/1965,,EXCLUSIVELY,,
